epochs,eq1,eq2,eq3,eq4,eq5,eq6,eseq1,eseq2,eseq3,eseq4,eseq5,eseq6,cmpthreshold,cmpratio,escmpthreshold,escmpratio
0.0,5.0,-6.0,-1.0,-12.0,-19.0,10.0,4.0,6.0,-0.0937922745943069,0.2206035405397415,-0.0841435045003891,-0.0237847827374935,0.0085847340524196,0.0786692276597023,0.0229951031506061,-0.2789398431777954
1.0,1.0,16.0,-12.0,14.0,19.0,15.0,-16.0,2.0,18.504507064819336,33.98471450805664,23.239192962646484,22.499725341796875,13.86419677734375,64.73674774169922,10.535815238952637,49.11722183227539
2.0,4.0,12.0,-11.0,-8.0,-19.0,-7.0,6.0,3.0,41.88263320922852,68.96561431884766,50.14933776855469,48.76570510864258,33.71387481689453,121.7809600830078,27.36979484558105,95.66688537597656
3.0,14.0,6.0,-13.0,3.0,7.0,-20.0,9.0,4.0,95.15501403808594,144.95913696289062,110.00877380371094,108.20561981201172,79.50704193115234,242.1074981689453,68.18453216552734,194.27854919433597
4.0,-2.0,10.0,-4.0,2.0,9.0,4.0,3.0,3.0,174.0514373779297,250.6015472412109,196.8741455078125,193.9229888916016,149.2726287841797,400.4163208007813,132.29745483398438,326.9516906738281
5.0,-9.0,17.0,-15.0,18.0,-16.0,-11.0,15.0,4.0,212.2120513916016,293.6271667480469,236.5131683349609,233.46116638183597,186.4418792724609,451.3318786621094,168.60643005371094,374.8412170410156
6.0,-20.0,9.0,4.0,17.0,-11.0,18.0,-17.0,3.0,362.5132751464844,484.98236083984375,399.40185546875,394.5850830078125,323.7900695800781,722.603759765625,296.10821533203125,606.5304565429688
7.0,13.0,1.0,-12.0,-19.0,18.0,-15.0,12.0,5.0,349.54315185546875,455.1965026855469,381.08990478515625,377.0701599121094,315.9673156738281,660.2301025390625,292.5082397460937,560.1804809570312
8.0,-4.0,17.0,-19.0,20.0,-16.0,-17.0,17.0,2.0,429.1847534179688,546.4889526367188,464.3094482421875,459.7331848144531,391.9463195800781,773.5999755859375,365.64068603515625,662.9661865234375
9.0,13.0,20.0,-14.0,-1.0,18.0,-2.0,-6.0,6.0,748.7504272460938,936.4324340820312,805.5634765625,797.7364501953125,692.0499267578125,1300.1075439453125,647.9395751953125,1121.03173828125
10.0,20.0,-6.0,5.0,9.0,-10.0,-2.0,12.0,2.0,674.1250610351562,828.9290161132812,720.5896606445312,714.8109741210938,625.4757080078125,1128.7779541015625,590.2568969726562,982.3733520507812
11.0,-1.0,17.0,5.0,8.0,20.0,-17.0,-9.0,5.0,750.0089721679688,908.7855224609376,797.1331787109375,791.3497924804688,698.8883666992188,1217.0194091796875,662.5238647460938,1066.9161376953125
12.0,-13.0,4.0,6.0,17.0,13.0,19.0,-12.0,6.0,1432.3553466796875,1714.553466796875,1516.1246337890625,1505.6182861328125,1341.3692626953125,2262.1259765625,1277.65087890625,1995.731201171875
13.0,-1.0,-3.0,-8.0,18.0,-2.0,-15.0,-1.0,2.0,1013.3113403320312,1200.4775390625,1069.1796875,1062.11328125,954.1370849609376,1563.59033203125,911.400390625,1386.4371337890625
14.0,4.0,-8.0,17.0,17.0,18.0,13.0,8.0,6.0,1180.56884765625,1385.434326171875,1241.2894287109375,1234.1199951171875,1115.59619140625,1781.8037109375,1068.7740478515625,1589.360107421875
15.0,6.0,1.0,-4.0,-1.0,-13.0,-1.0,-11.0,4.0,1479.6121826171875,1721.6282958984375,1551.485107421875,1542.5250244140625,1402.6414794921875,2190.227783203125,1347.0693359375,1961.9105224609373
16.0,-2.0,-18.0,15.0,-2.0,-8.0,6.0,-10.0,4.0,2089.099853515625,2411.22998046875,2184.673583984375,2172.474609375,1983.8045654296875,3039.241455078125,1911.023681640625,2732.120361328125
17.0,-12.0,20.0,-6.0,-4.0,-10.0,-14.0,13.0,6.0,1739.408203125,1994.6214599609373,1814.835693359375,1805.8690185546875,1657.6595458984375,2487.236572265625,1599.48095703125,2248.887939453125
18.0,7.0,-20.0,-13.0,4.0,-16.0,-4.0,0.0,4.0,2224.678466796875,2534.58837890625,2315.32470703125,2305.000244140625,2124.08740234375,3133.20751953125,2053.664794921875,2844.076416015625
19.0,-12.0,1.0,-7.0,19.0,13.0,1.0,-9.0,5.0,2644.78125,2996.226806640625,2748.45068359375,2735.988525390625,2532.213623046875,3675.853515625,2451.3212890625,3346.979736328125
20.0,15.0,8.0,-8.0,-20.0,-10.0,-19.0,6.0,6.0,3055.103271484375,3443.47314453125,3170.2509765625,3156.069091796875,2931.060302734375,4195.0322265625,2841.28515625,3830.217529296875
21.0,-3.0,15.0,5.0,18.0,16.0,-12.0,1.0,2.0,3149.59521484375,3532.451904296875,3262.30126953125,3248.803955078125,3026.894775390625,4272.29443359375,2938.365234375,3914.88037109375
22.0,8.0,14.0,20.0,-2.0,19.0,15.0,-19.0,3.0,4254.75537109375,4751.21533203125,4401.50244140625,4383.47705078125,4094.21923828125,5712.568359375,3980.049560546875,5245.236328125
23.0,1.0,-18.0,15.0,3.0,-16.0,14.0,-18.0,4.0,4256.0185546875,4733.05908203125,4397.3818359375,4379.7880859375,4102.50634765625,5658.2744140625,3991.750732421875,5208.11474609375
24.0,-18.0,-14.0,-20.0,-5.0,7.0,-6.0,16.0,3.0,3331.3994140625,3691.18701171875,3437.55078125,3424.6171875,3216.911865234375,4385.740234375,3132.60791015625,4049.02880859375
25.0,-20.0,2.0,14.0,-13.0,19.0,-11.0,14.0,6.0,5129.42529296875,5662.34716796875,5285.865234375,5267.28125,4957.35546875,6692.35693359375,4833.62939453125,6194.1259765625
26.0,14.0,11.0,-5.0,-8.0,-19.0,-6.0,3.0,6.0,4670.07666015625,5138.98876953125,4808.8203125,4791.7861328125,4521.53564453125,6046.1083984375,4410.8955078125,5605.5712890625
27.0,11.0,-5.0,-11.0,-6.0,14.0,19.0,-8.0,6.0,6581.60693359375,7218.5517578125,6769.716796875,6746.2197265625,6375.6884765625,8455.5263671875,6226.61083984375,7853.9423828125
28.0,-15.0,-10.0,-13.0,15.0,10.0,17.0,8.0,5.0,5271.31884765625,5765.33447265625,5416.44189453125,5399.4287109375,5112.740234375,6719.22314453125,4996.7841796875,6258.8212890625
29.0,-17.0,15.0,14.0,-5.0,-2.0,4.0,19.0,6.0,6452.8779296875,7038.15673828125,6624.599609375,6604.3125,6264.67333984375,8167.75244140625,6127.5087890625,7623.59228515625
30.0,-4.0,0.0,19.0,14.0,-4.0,-14.0,1.0,5.0,5063.36376953125,5508.6201171875,5193.0380859375,5178.2236328125,4919.46533203125,6365.4580078125,4815.3984375,5953.966796875
31.0,-5.0,14.0,20.0,-16.0,-13.0,-18.0,11.0,4.0,5868.70849609375,6369.47265625,6015.4306640625,5998.4501953125,5708.1923828125,7335.5439453125,5589.796875,6869.50537109375
32.0,1.0,-5.0,-2.0,-10.0,-17.0,10.0,-11.0,6.0,9085.3955078125,9837.4013671875,9306.8837890625,9279.5810546875,8842.146484375,11296.4462890625,8664.2099609375,10588.1611328125
33.0,-19.0,12.0,8.0,11.0,10.0,10.0,-9.0,6.0,8595.40234375,9287.4599609375,8798.1455078125,8774.3115234375,8371.912109375,10623.4091796875,8208.3544921875,9978.7802734375
34.0,20.0,18.0,-14.0,-10.0,-1.0,15.0,13.0,5.0,8874.4560546875,9569.8349609375,9078.71484375,9053.9912109375,8652.1767578125,10912.837890625,8485.9140625,10263.298828125
35.0,10.0,17.0,9.0,19.0,6.0,19.0,10.0,2.0,9719.955078125,10461.0625,9936.677734375,9911.474609375,9481.9970703125,11889.7314453125,9305.455078125,11201.50390625
36.0,19.0,16.0,-10.0,-17.0,-8.0,-9.0,13.0,2.0,7075.923828125,7602.66064453125,7231.068359375,7212.5576171875,6910.10546875,8618.849609375,6782.5498046875,8126.21630859375
37.0,-9.0,4.0,1.0,-13.0,7.0,7.0,9.0,5.0,9363.4990234375,10040.6845703125,9561.35546875,9538.400390625,9143.4501953125,11349.4482421875,8982.4228515625,10718.1982421875
38.0,20.0,3.0,-16.0,4.0,-3.0,12.0,12.0,3.0,11338.6376953125,12139.79296875,11573.7744140625,11545.5517578125,11082.4912109375,13686.568359375,10889.525390625,12938.5400390625
39.0,7.0,-11.0,-16.0,17.0,-16.0,13.0,-10.0,2.0,10368.4970703125,11082.9208984375,10577.52734375,10552.947265625,10139.021484375,12461.2958984375,9967.146484375,11796.8779296875
40.0,-7.0,-12.0,-14.0,10.0,20.0,-15.0,20.0,2.0,9136.517578125,9752.3857421875,9316.74609375,9295.8251953125,8941.2109375,10938.34765625,8791.609375,10365.7578125
41.0,5.0,-3.0,-14.0,-6.0,12.0,-17.0,18.0,3.0,10425.9150390625,11113.93359375,10629.2646484375,10604.1328125,10213.3232421875,12440.4931640625,10042.3173828125,11795.982421875
42.0,-14.0,-6.0,17.0,-19.0,12.0,13.0,-12.0,5.0,13659.87890625,14537.5107421875,13914.9990234375,13886.296875,13375.8564453125,16227.015625,13164.75,15416.2890625
43.0,18.0,13.0,7.0,9.0,17.0,-1.0,-5.0,6.0,12282.3349609375,13054.865234375,12507.1181640625,12481.4921875,12033.673828125,14540.8330078125,11846.9423828125,13826.736328125
44.0,-18.0,-3.0,-16.0,-19.0,7.0,-13.0,0.0,2.0,10692.8828125,11351.1689453125,10884.6748046875,10862.4990234375,10482.8193359375,12617.2470703125,10322.2490234375,12008.765625
45.0,3.0,-7.0,-8.0,17.0,-20.0,-4.0,3.0,4.0,13684.7626953125,14509.5830078125,13925.517578125,13897.72265625,13421.2646484375,16100.1728515625,13219.0849609375,15332.6650390625
46.0,13.0,13.0,17.0,2.0,11.0,-13.0,5.0,4.0,13815.9326171875,14631.248046875,14052.4248046875,14026.060546875,13554.5546875,16196.6689453125,13355.537109375,15447.478515625
47.0,-3.0,1.0,-17.0,3.0,19.0,-10.0,-11.0,6.0,17575.41796875,18590.9609375,17868.70703125,17836.796875,17247.185546875,20537.890625,17000.775390625,19609.97265625
48.0,-17.0,-9.0,-17.0,1.0,-9.0,19.0,3.0,5.0,16362.451171875,17289.302734375,16631.521484375,16601.1953125,16063.857421875,19074.396484375,15836.8056640625,18217.17578125
49.0,-17.0,5.0,2.0,-2.0,-4.0,17.0,4.0,3.0,17553.4765625,18528.513671875,17836.609375,17804.529296875,17238.24609375,20406.208984375,16999.462890625,19504.6171875
0.0,6.0,17.0,5.0,-4.0,17.0,-7.0,2.0,6.0,15670.5068359375,16524.40625,15916.1328125,15890.2744140625,15394.3642578125,18158.697265625,15185.828125,17382.369140625
1.0,-18.0,4.0,15.0,18.0,8.0,-10.0,-18.0,5.0,9941.453125,10484.275390625,10098.6220703125,10081.48046875,9769.767578125,11524.6064453125,9635.353515625,11026.478515625
2.0,19.0,11.0,-4.0,2.0,-4.0,-13.0,-14.0,5.0,15427.072265625,16268.1572265625,15670.1884765625,15643.7607421875,15155.8486328125,17882.6328125,14949.43359375,17110.763671875
3.0,0.0,13.0,-12.0,-5.0,-10.0,8.0,8.0,2.0,20743.150390625,21873.896484375,21073.001953125,21034.263671875,20379.28125,24057.001953125,20100.330078125,23003.703125
4.0,19.0,19.0,8.0,-13.0,-12.0,-3.0,-3.0,6.0,19246.74609375,20295.9140625,19552.1640625,19516.734375,18909.60546875,22320.27734375,18650.552734375,21344.583984375
5.0,-14.0,12.0,2.0,9.0,-17.0,-1.0,19.0,5.0,13389.935546875,14120.013671875,13602.0849609375,13577.845703125,13155.05078125,15526.203125,12975.1240234375,14849.8349609375
6.0,14.0,-19.0,16.0,-18.0,14.0,13.0,-14.0,6.0,17478.42578125,18430.892578125,17753.498046875,17723.701171875,17170.3046875,20259.125,16937.435546875,19386.27734375
7.0,13.0,10.0,-16.0,-20.0,-8.0,-3.0,16.0,4.0,16505.029296875,17404.720703125,16767.9921875,16736.98046875,16216.271484375,19143.830078125,15993.4111328125,18303.408203125
8.0,13.0,20.0,16.0,10.0,9.0,-16.0,15.0,5.0,17944.41015625,18922.248046875,18229.46875,18196.27734375,17628.611328125,20811.115234375,17387.470703125,19900.1015625
9.0,-20.0,-3.0,10.0,2.0,12.0,0.0,15.0,5.0,15354.1103515625,16190.5546875,15594.6669921875,15568.9443359375,15082.7900390625,17791.548828125,14879.1162109375,17031.326171875
10.0,11.0,-8.0,-14.0,18.0,0.0,12.0,1.0,5.0,19390.5546875,20447.642578125,19699.296875,19663.228515625,19050.21484375,22490.869140625,18789.369140625,21503.1328125
11.0,-9.0,12.0,14.0,17.0,-18.0,-20.0,-2.0,2.0,16543.763671875,17445.66796875,16805.66796875,16776.099609375,16253.837890625,19182.568359375,16031.1962890625,18348.0625
12.0,-15.0,-14.0,-5.0,6.0,-7.0,-2.0,13.0,6.0,16614.525390625,17520.095703125,16876.73828125,16847.560546875,16322.3203125,19260.537109375,16099.966796875,18427.126953125
13.0,-15.0,12.0,-8.0,1.0,-16.0,2.0,0.0,3.0,15473.4306640625,16317.5654296875,15719.931640625,15691.0048828125,15205.01953125,17947.19140625,14995.0029296875,17159.517578125
14.0,7.0,19.0,6.0,-2.0,-18.0,13.0,-14.0,6.0,16320.78125,17210.548828125,16579.447265625,16549.8828125,16034.865234375,18923.61328125,15815.634765625,18100.833984375
15.0,-12.0,12.0,-10.0,-12.0,-5.0,10.0,3.0,5.0,19877.98828125,20960.62109375,20193.8984375,20156.5859375,19527.388671875,23055.576171875,19260.69921875,22043.265625
16.0,6.0,-14.0,-20.0,-13.0,18.0,-6.0,7.0,2.0,13236.529296875,13957.6552734375,13444.787109375,13422.2021484375,13002.505859375,15343.439453125,12825.98046875,14680.7978515625
17.0,-8.0,-19.0,-17.0,15.0,1.0,12.0,20.0,4.0,15121.353515625,15946.259765625,15360.724609375,15333.8515625,14857.283203125,17531.37890625,14653.3935546875,16771.017578125
18.0,-1.0,10.0,0.0,-4.0,-18.0,6.0,-9.0,2.0,20422.189453125,21534.6796875,20746.16015625,20708.560546875,20061.751953125,23684.01953125,19788.162109375,22647.654296875
19.0,-1.0,2.0,12.0,9.0,15.0,15.0,0.0,4.0,17002.376953125,17928.55078125,17270.263671875,17240.48046875,16702.01171875,19711.021484375,16475.265625,18856.990234375
20.0,16.0,-2.0,-13.0,-15.0,-13.0,5.0,13.0,3.0,17049.90234375,17978.564453125,17318.853515625,17288.744140625,16748.830078125,19767.447265625,16521.205078125,18909.3671875
21.0,-16.0,12.0,5.0,-2.0,-3.0,-20.0,3.0,5.0,12955.0400390625,13661.9189453125,13160.7763671875,13137.423828125,12729.296875,15022.6787109375,12554.3837890625,14367.8369140625
22.0,-15.0,1.0,-3.0,20.0,-5.0,-20.0,-5.0,6.0,14327.548828125,15107.927734375,14552.431640625,14528.0498046875,14074.130859375,16604.794921875,13883.623046875,15891.4619140625
23.0,-18.0,-12.0,14.0,-5.0,15.0,13.0,7.0,6.0,13888.1728515625,14644.9423828125,14108.2685546875,14083.0888671875,13643.859375,16104.2265625,13457.4990234375,15402.3779296875
24.0,18.0,-18.0,20.0,-5.0,-12.0,1.0,13.0,5.0,11822.3759765625,12468.1337890625,12011.1123046875,11989.533203125,11618.896484375,13711.2412109375,11457.6630859375,13111.400390625
25.0,-20.0,13.0,-11.0,-19.0,-13.0,16.0,-15.0,6.0,18639.865234375,19654.64453125,18936.546875,18900.8515625,18309.986328125,21623.0859375,18060.078125,20669.3203125
26.0,7.0,-14.0,-15.0,-14.0,-16.0,4.0,-19.0,4.0,12234.83984375,12902.212890625,12428.6328125,12406.703125,12021.693359375,14184.6796875,11856.84375,13569.48046875
27.0,18.0,-18.0,-2.0,12.0,-4.0,-10.0,-17.0,3.0,13487.5302734375,14224.4140625,13702.8525390625,13678.044921875,13255.451171875,15642.66796875,13071.27734375,14957.7216796875
28.0,-15.0,19.0,-6.0,-15.0,7.0,-19.0,2.0,4.0,14786.3740234375,15593.1279296875,15021.486328125,14994.1162109375,14529.5810546875,17147.03125,14329.048828125,16398.24609375
29.0,7.0,-18.0,-19.0,-10.0,18.0,10.0,-19.0,6.0,17262.40625,18202.87109375,17535.369140625,17504.2265625,16957.345703125,20015.8828125,16726.900390625,19144.55859375
30.0,-17.0,-19.0,3.0,-8.0,1.0,6.0,-20.0,2.0,21367.025390625,22531.75,21706.919921875,21666.908203125,20992.068359375,24781.017578125,20704.8125,23695.43359375
31.0,-5.0,8.0,-3.0,-6.0,19.0,-9.0,-12.0,5.0,16129.9326171875,17010.046875,16386.177734375,16356.908203125,15849.0224609375,18704.779296875,15630.9609375,17888.544921875
32.0,3.0,13.0,-8.0,-9.0,20.0,16.0,7.0,6.0,19913.2734375,20998.28515625,20228.806640625,20192.3125,19561.869140625,23090.63671875,19295.697265625,22083.990234375
33.0,10.0,-5.0,-10.0,20.0,9.0,-19.0,-16.0,4.0,13486.0634765625,14221.015625,13699.599609375,13675.2138671875,13249.451171875,15638.287109375,13068.0849609375,14956.26953125
34.0,-12.0,13.0,-8.0,12.0,16.0,2.0,-8.0,5.0,17782.794921875,18751.095703125,18065.03515625,18031.923828125,17467.837890625,20625.16796875,17229.771484375,19720.04296875
35.0,4.0,7.0,5.0,-15.0,-7.0,0.0,-1.0,2.0,20574.029296875,21694.333984375,20899.833984375,20861.89453125,20209.67578125,23859.091796875,19935.080078125,22815.6796875
36.0,14.0,-19.0,2.0,-4.0,12.0,-8.0,14.0,5.0,13678.8427734375,14424.4775390625,13895.462890625,13870.669921875,13438.140625,15861.2080078125,13254.23828125,15170.1328125
37.0,10.0,-16.0,-4.0,-2.0,-12.0,-20.0,-16.0,4.0,16504.201171875,17404.869140625,16766.85546875,16736.44921875,16217.84765625,19137.9375,15994.4052734375,18304.029296875
38.0,9.0,7.0,-16.0,-20.0,12.0,-19.0,5.0,6.0,16893.462890625,17815.13671875,17160.80859375,17130.701171875,16598.1796875,19585.2734375,16371.1748046875,18737.005859375
39.0,14.0,0.0,-15.0,-11.0,-9.0,-10.0,11.0,3.0,12459.8994140625,13140.3125,12658.5888671875,12635.6279296875,12246.1123046875,14449.37109375,12075.9990234375,13818.51171875
40.0,18.0,20.0,-18.0,14.0,15.0,1.0,20.0,4.0,12581.7041015625,13268.1376953125,12781.2431640625,12758.470703125,12363.3466796875,14587.1513671875,12193.330078125,13954.09375
41.0,-14.0,-6.0,-9.0,-2.0,-9.0,3.0,2.0,5.0,21143.80078125,22296.2734375,21477.95703125,21440.1015625,20772.68359375,24513.1640625,20489.349609375,23449.982421875
42.0,10.0,15.0,19.0,-20.0,12.0,11.0,18.0,2.0,15401.4111328125,16241.607421875,15646.505859375,15617.99609375,15133.1513671875,17861.568359375,14924.8271484375,17080.052734375
43.0,5.0,-20.0,12.0,8.0,-20.0,6.0,-1.0,6.0,18037.515625,19020.607421875,18321.072265625,18290.51953125,17721.1171875,20904.85546875,17479.810546875,20007.080078125
44.0,-8.0,-13.0,-1.0,14.0,14.0,4.0,17.0,2.0,18365.18359375,19365.822265625,18656.037109375,18622.451171875,18041.7109375,21295.345703125,17795.677734375,20367.37109375
45.0,8.0,-15.0,20.0,17.0,6.0,14.0,10.0,4.0,14915.8203125,15729.3583984375,15151.572265625,15125.3408203125,14654.99609375,17290.9453125,14454.7099609375,16543.677734375
46.0,-20.0,-12.0,-3.0,18.0,13.0,-1.0,10.0,6.0,14304.40625,15084.5263671875,14531.2197265625,14505.3994140625,14054.158203125,16586.34765625,13861.2666015625,15864.529296875
47.0,14.0,9.0,3.0,11.0,13.0,-20.0,6.0,6.0,16033.220703125,16907.205078125,16284.431640625,16258.0830078125,15750.794921875,18577.583984375,15537.7607421875,17785.103515625
48.0,10.0,3.0,-8.0,-14.0,13.0,9.0,-10.0,2.0,20237.646484375,21340.998046875,20557.552734375,20521.45703125,19881.43359375,23463.14453125,19610.75,22445.453125
49.0,-16.0,-13.0,19.0,-3.0,13.0,-13.0,-2.0,6.0,14599.93359375,15396.357421875,14832.24609375,14805.234375,14346.7294921875,16933.330078125,14148.482421875,16191.0107421875
50.0,1.0,-16.0,-15.0,-6.0,-20.0,4.0,-16.0,6.0,18347.3046875,19346.0546875,18638.12890625,18603.857421875,18021.52734375,21278.048828125,17777.236328125,20346.140625
51.0,12.0,-19.0,19.0,15.0,-18.0,4.0,-2.0,6.0,14251.7236328125,15029.142578125,14477.2470703125,14451.9765625,14002.59375,16522.68359375,13810.7080078125,15806.8349609375
52.0,2.0,-4.0,19.0,3.0,-15.0,17.0,2.0,4.0,17889.34765625,18863.693359375,18172.955078125,18139.869140625,17572.3671875,20748.310546875,17333.455078125,19838.28125
53.0,-16.0,16.0,11.0,-9.0,3.0,18.0,13.0,3.0,16237.7099609375,17122.33984375,16494.80859375,16465.693359375,15951.2080078125,18828.720703125,15733.9560546875,18007.87109375
54.0,-9.0,14.0,12.0,-18.0,-16.0,-14.0,-18.0,4.0,15479.9921875,16324.544921875,15724.90625,15697.5693359375,15209.7978515625,17946.177734375,15001.2314453125,17169.25
55.0,-13.0,3.0,19.0,-3.0,-1.0,-12.0,14.0,4.0,18565.951171875,19577.943359375,18860.09765625,18826.43359375,18240.814453125,21528.3984375,17991.181640625,20590.15625
56.0,-10.0,-5.0,10.0,15.0,-15.0,10.0,-13.0,2.0,19037.98828125,20075.392578125,19340.068359375,19305.021484375,18702.53515625,22079.48046875,18447.330078125,21112.564453125
57.0,-12.0,-12.0,10.0,-5.0,3.0,-9.0,-1.0,5.0,12801.5244140625,13499.5029296875,13004.0546875,12981.453125,12577.505859375,14841.9248046875,12405.28515625,14197.8056640625
58.0,-9.0,19.0,19.0,-6.0,-8.0,17.0,2.0,4.0,14170.4013671875,14943.00390625,14395.4267578125,14369.55859375,13921.3095703125,16433.611328125,13730.865234375,15715.1298828125
59.0,5.0,-2.0,1.0,11.0,-10.0,17.0,14.0,6.0,19646.150390625,20716.939453125,19959.97265625,19921.908203125,19301.861328125,22791.759765625,19036.740234375,21785.18359375
60.0,18.0,-9.0,2.0,15.0,-5.0,16.0,-11.0,5.0,18253.265625,19248.390625,18544.138671875,18509.98046875,17933.162109375,21172.357421875,17687.4765625,20241.802734375
61.0,9.0,1.0,5.0,1.0,3.0,-3.0,15.0,2.0,18212.890625,19205.021484375,18502.9296875,18468.255859375,17892.25390625,21126.978515625,17647.12109375,20196.21484375
62.0,-12.0,-12.0,12.0,-13.0,20.0,-10.0,-8.0,5.0,19809.609375,20889.1171875,20123.83984375,20087.607421875,19461.103515625,22971.94140625,19195.197265625,21969.509765625
63.0,12.0,5.0,4.0,4.0,18.0,10.0,2.0,2.0,17515.94921875,18470.525390625,17794.369140625,17761.5234375,17208.052734375,20313.92578125,16972.779296875,19424.69140625
64.0,-5.0,0.0,1.0,-2.0,15.0,-17.0,2.0,6.0,19316.1328125,20369.064453125,19622.310546875,19587.05859375,18976.470703125,22399.38671875,18717.4921875,21421.8125
65.0,8.0,-7.0,-13.0,-11.0,20.0,-11.0,4.0,5.0,9047.0908203125,9541.1591796875,9190.8828125,9174.630859375,8890.76953125,10490.1083984375,8767.654296875,10034.1259765625
66.0,5.0,-17.0,-20.0,8.0,14.0,-10.0,-17.0,6.0,14234.490234375,15011.8466796875,14461.5185546875,14435.197265625,13989.666015625,16507.322265625,13795.6953125,15786.5625
67.0,4.0,20.0,-3.0,-8.0,7.0,-15.0,3.0,4.0,18165.0546875,19155.146484375,18453.947265625,18420.201171875,17846.75,21067.73046875,17601.849609375,20144.990234375
68.0,9.0,-16.0,20.0,8.0,13.0,13.0,-14.0,5.0,21473.06640625,22643.201171875,21811.708984375,21774.08984375,21095.919921875,24890.294921875,20809.080078125,23816.23046875
69.0,12.0,8.0,-10.0,2.0,-17.0,6.0,-9.0,5.0,16441.28125,17338.23828125,16702.486328125,16672.673828125,16154.626953125,19066.30078125,15932.6943359375,18233.94140625
70.0,-11.0,-15.0,-7.0,11.0,-13.0,19.0,15.0,2.0,18714.130859375,19733.515625,19007.791015625,18976.048828125,18382.6953125,21687.888671875,18134.609375,20757.458984375
71.0,17.0,4.0,-20.0,15.0,-19.0,-18.0,-11.0,5.0,12791.8330078125,13490.4091796875,12995.806640625,12972.2568359375,12572.3037109375,14834.2216796875,12397.7236328125,14186.67578125
72.0,12.0,-15.0,-10.0,10.0,1.0,5.0,-14.0,3.0,16249.828125,17135.00390625,16504.671875,16477.408203125,15962.1845703125,18834.083984375,15746.33203125,18023.283203125
73.0,-19.0,-2.0,6.0,-7.0,19.0,4.0,17.0,4.0,15920.5888671875,16787.75390625,16170.02734375,16143.509765625,15638.63671875,18448.365234375,15428.05078125,17659.755859375
74.0,20.0,-7.0,17.0,8.0,12.0,2.0,-16.0,5.0,15919.224609375,16788.21875,16172.59765625,16143.564453125,15643.2421875,18461.71484375,15427.2373046875,17654.798828125
75.0,-10.0,17.0,16.0,2.0,-2.0,-9.0,5.0,4.0,14458.986328125,15247.982421875,14687.9326171875,14662.291015625,14207.9912109375,16763.56640625,14012.4091796875,16036.3720703125
76.0,17.0,-12.0,-9.0,8.0,10.0,-20.0,16.0,4.0,12830.658203125,13530.912109375,13034.703125,13011.2626953125,12608.9052734375,14877.4091796875,12434.751953125,14229.9287109375
77.0,0.0,2.0,-18.0,-6.0,-11.0,-8.0,-11.0,5.0,14102.7802734375,14872.0341796875,14326.9052734375,14300.91796875,13857.126953125,16355.0712890625,13666.30078125,15639.8720703125
78.0,-1.0,9.0,17.0,-19.0,-6.0,-3.0,12.0,3.0,14288.095703125,15066.98046875,14514.19921875,14488.62109375,14037.4560546875,16567.220703125,13845.3876953125,15846.302734375
79.0,-15.0,16.0,20.0,-14.0,8.0,-18.0,0.0,5.0,14646.7958984375,15444.974609375,14878.580078125,14851.9423828125,14388.5595703125,16982.97265625,14192.685546875,16243.80859375
80.0,-18.0,7.0,18.0,-14.0,-19.0,-15.0,3.0,6.0,15279.83203125,16113.046875,15521.4248046875,15494.5234375,15012.5673828125,17714.31640625,14807.236328125,16947.146484375
81.0,-8.0,11.0,3.0,12.0,-16.0,-20.0,-19.0,2.0,12605.916015625,13294.5,12806.70703125,12783.7451171875,12388.921875,14618.943359375,12216.95703125,13980.29296875
82.0,0.0,6.0,12.0,4.0,-6.0,5.0,-14.0,4.0,12789.3984375,13487.0400390625,12992.0849609375,12968.953125,12566.7275390625,14827.7578125,12394.375,14184.48828125
83.0,-5.0,-2.0,-16.0,-12.0,-11.0,-3.0,14.0,4.0,21968.9921875,23165.951171875,22317.318359375,22277.2109375,21582.24609375,25476.06640625,21287.6328125,24363.658203125
84.0,17.0,12.0,-1.0,12.0,-14.0,-20.0,-5.0,5.0,12714.5625,13408.296875,12916.3095703125,12893.2626953125,12494.0166015625,14741.345703125,12322.115234375,14101.4638671875
85.0,-4.0,-17.0,1.0,20.0,2.0,13.0,-6.0,5.0,16747.21875,17660.98046875,17015.265625,16982.98046875,16457.1640625,19428.55859375,16228.7705078125,18571.263671875
86.0,4.0,-20.0,-18.0,16.0,-1.0,-5.0,-18.0,6.0,10525.97265625,11099.8388671875,10689.1591796875,10673.1044921875,10340.3828125,12188.34375,10201.275390625,11678.4560546875
87.0,-19.0,-3.0,-10.0,-11.0,-4.0,2.0,2.0,3.0,19565.673828125,20632.6328125,19875.6328125,19840.4375,19223.939453125,22683.916015625,18960.96484375,21700.248046875
88.0,9.0,-18.0,11.0,4.0,1.0,5.0,5.0,3.0,18284.966796875,19281.361328125,18574.384765625,18541.29296875,17962.740234375,21201.2734375,17717.876953125,20278.9765625
89.0,20.0,-2.0,-3.0,-5.0,-4.0,17.0,8.0,4.0,19521.9296875,20585.181640625,19830.310546875,19795.38671875,19175.94140625,22636.62890625,18915.724609375,21650.193359375
90.0,-15.0,11.0,8.0,0.0,-13.0,-3.0,20.0,6.0,20291.203125,21396.9296875,20612.66015625,20575.71875,19933.125,23529.150390625,19661.833984375,22503.0234375
91.0,10.0,-18.0,5.0,-8.0,12.0,5.0,13.0,5.0,19187.412109375,20234.16015625,19492.921875,19457.267578125,18853.353515625,22252.48046875,18593.8671875,21279.095703125
92.0,2.0,1.0,3.0,5.0,-9.0,3.0,-1.0,3.0,17332.73046875,18277.001953125,17606.7265625,17575.681640625,17026.5546875,20096.970703125,16795.146484375,19222.712890625
93.0,11.0,14.0,-7.0,-18.0,12.0,-6.0,16.0,3.0,16531.470703125,17433.4921875,16793.24609375,16763.6875,16242.9365234375,19166.021484375,16020.5302734375,18335.478515625
94.0,9.0,-4.0,-19.0,9.0,0.0,13.0,-12.0,4.0,22704.42578125,23941.783203125,23064.634765625,23023.033203125,22305.283203125,26328.35546875,22000.5234375,25179.796875
95.0,-12.0,11.0,11.0,13.0,12.0,-16.0,-17.0,5.0,20004.935546875,21094.4921875,20321.583984375,20285.1484375,19651.140625,23198.994140625,19383.96875,22185.158203125
96.0,18.0,15.0,-10.0,15.0,16.0,3.0,18.0,5.0,10243.2646484375,10802.3408203125,10405.42578125,10387.2783203125,10065.939453125,11873.9873046875,9927.453125,11361.2470703125
97.0,17.0,13.0,18.0,16.0,12.0,16.0,-19.0,5.0,16522.35546875,17425.896484375,16787.837890625,16755.78125,16241.8359375,19166.025390625,16013.5458984375,18323.3046875
98.0,-14.0,13.0,16.0,20.0,-17.0,-9.0,0.0,3.0,13215.275390625,13936.4892578125,13425.5869140625,13401.2021484375,12986.109375,15324.892578125,12807.3583984375,14656.2607421875
99.0,-4.0,-13.0,8.0,-1.0,10.0,-17.0,-4.0,4.0,14008.8798828125,14772.7802734375,14230.0048828125,14205.5234375,13764.0146484375,16237.380859375,13575.9248046875,15538.5068359375
100.0,5.0,-19.0,-4.0,7.0,-4.0,10.0,18.0,4.0,18414.134765625,19417.30078125,18705.732421875,18672.22265625,18088.85546875,21353.033203125,17842.8046875,20421.33984375
101.0,8.0,-1.0,9.0,9.0,13.0,-6.0,12.0,5.0,13854.9453125,14610.2724609375,14074.2265625,14049.3828125,13611.9658203125,16063.4912109375,13425.8896484375,15366.11328125
102.0,-9.0,-13.0,-7.0,-15.0,5.0,-20.0,18.0,6.0,12464.642578125,13145.09765625,12663.1259765625,12640.29296875,12249.1259765625,14453.947265625,12080.0,13824.2685546875
103.0,13.0,15.0,18.0,-1.0,-10.0,10.0,-17.0,2.0,15377.076171875,16215.1806640625,15618.583984375,15592.640625,15106.7578125,17818.986328125,14901.76171875,17056.9140625
104.0,15.0,-20.0,-8.0,9.0,14.0,-3.0,-14.0,5.0,15473.328125,16316.703125,15717.0087890625,15690.3603515625,15202.5302734375,17934.193359375,14994.919921875,17162.591796875
105.0,-14.0,-13.0,17.0,-7.0,-6.0,7.0,-6.0,6.0,14953.1650390625,15767.7421875,15187.8212890625,15162.462890625,14689.1689453125,17328.58203125,14490.48828125,16586.232421875
106.0,-8.0,-7.0,-1.0,-20.0,2.0,-2.0,2.0,4.0,16963.33203125,17888.341796875,17232.708984375,17201.58984375,16666.296875,19670.84375,16437.853515625,18812.869140625
107.0,15.0,0.0,13.0,-15.0,0.0,-9.0,20.0,2.0,12287.91796875,12957.9501953125,12481.56640625,12460.5234375,12073.259765625,14242.771484375,11908.298828125,13629.3076171875
108.0,4.0,-19.0,2.0,-11.0,-11.0,-17.0,-17.0,4.0,12495.9267578125,13177.5830078125,12694.7294921875,12671.748046875,12278.513671875,14492.14453125,12109.4296875,13857.9990234375
109.0,-10.0,6.0,-7.0,-5.0,-13.0,14.0,3.0,5.0,19252.666015625,20301.142578125,19556.796875,19522.28125,18911.84375,22322.314453125,18655.28515625,21352.115234375
110.0,2.0,5.0,18.0,-15.0,-5.0,-20.0,-4.0,3.0,13877.865234375,14634.3388671875,14097.7783203125,14072.7021484375,13634.2568359375,16090.77734375,13448.2861328125,15391.3427734375
111.0,0.0,-18.0,13.0,-13.0,20.0,-4.0,-17.0,2.0,13595.4306640625,14336.73828125,13810.2919921875,13786.4599609375,13357.068359375,15762.333984375,13174.7685546875,15078.509765625
112.0,6.0,14.0,19.0,18.0,-20.0,18.0,14.0,4.0,17054.958984375,17984.33203125,17322.9296875,17294.236328125,16753.9375,19766.767578125,16527.0390625,18917.041015625
113.0,7.0,6.0,-16.0,7.0,7.0,-11.0,13.0,3.0,17335.759765625,18279.884765625,17607.861328125,17578.3359375,17029.474609375,20091.31640625,16799.107421875,19228.15234375
114.0,-12.0,12.0,-6.0,-3.0,-1.0,10.0,-14.0,6.0,19116.748046875,20159.3203125,19420.47265625,19385.560546875,18782.185546875,22170.384765625,18524.376953125,21200.56640625
115.0,18.0,-8.0,14.0,-8.0,-20.0,-7.0,1.0,3.0,13327.6640625,14055.16015625,13539.5478515625,13515.544921875,13097.1318359375,15452.8046875,12916.4111328125,14781.6298828125
116.0,15.0,5.0,0.0,-7.0,4.0,8.0,-15.0,2.0,19147.072265625,20189.34375,19450.640625,19414.939453125,18806.607421875,22208.244140625,18551.515625,21232.3828125
117.0,17.0,-4.0,-1.0,0.0,-9.0,-12.0,10.0,4.0,11077.3984375,11681.001953125,11252.16796875,11232.953125,10882.66796875,12842.1796875,10734.3974609375,12285.953125
118.0,-14.0,8.0,6.0,-16.0,-15.0,1.0,16.0,6.0,14613.7177734375,15412.9912109375,14848.6474609375,14820.1953125,14366.037109375,16952.244140625,14163.8193359375,16206.537109375
119.0,14.0,-6.0,-5.0,13.0,-6.0,5.0,-6.0,5.0,21194.83203125,22349.755859375,21531.162109375,21491.99609375,20822.587890625,24578.5859375,20537.52734375,23505.1640625
120.0,-3.0,11.0,12.0,12.0,-3.0,-1.0,8.0,2.0,17254.84375,18195.2734375,17526.236328125,17496.93359375,16951.462890625,19999.283203125,16720.982421875,19138.384765625
121.0,-4.0,4.0,0.0,15.0,16.0,13.0,-17.0,3.0,20300.8046875,21407.3828125,20623.0703125,20585.583984375,19944.349609375,23541.9609375,19671.9296875,22513.50390625
122.0,19.0,11.0,-18.0,0.0,10.0,-10.0,18.0,2.0,12478.6787109375,13158.79296875,12675.095703125,12653.7666015625,12260.1884765625,14463.67578125,12092.6982421875,13840.8740234375
123.0,19.0,20.0,4.0,-17.0,-13.0,-17.0,15.0,4.0,14261.92578125,15039.5615234375,14487.6552734375,14462.3974609375,14012.853515625,16535.228515625,13820.8837890625,15817.5224609375
124.0,-17.0,2.0,-18.0,-20.0,19.0,-12.0,-1.0,6.0,16595.76171875,17500.20703125,16858.6171875,16828.517578125,16304.673828125,19243.537109375,16081.552734375,18404.990234375
125.0,-6.0,3.0,-15.0,4.0,8.0,15.0,12.0,2.0,15150.650390625,15976.2333984375,15391.2236328125,15363.0859375,14883.513671875,17570.974609375,14680.5478515625,16801.4375
126.0,-6.0,-3.0,6.0,0.0,-20.0,-18.0,-13.0,3.0,17393.8984375,18342.12109375,17668.931640625,17638.1015625,17088.578125,20167.6171875,16854.943359375,19290.98828125
127.0,-4.0,-9.0,-19.0,16.0,-17.0,-9.0,15.0,2.0,15895.6171875,16763.724609375,16149.888671875,16119.49609375,15621.013671875,18438.33984375,15404.2607421875,17627.4296875
128.0,-3.0,-19.0,4.0,-3.0,16.0,9.0,17.0,3.0,18255.318359375,19250.021484375,18543.470703125,18511.4609375,17933.41015625,21164.353515625,17689.626953125,20246.630859375
129.0,1.0,12.0,19.0,-12.0,14.0,1.0,-11.0,4.0,13862.171875,14618.34765625,14082.0185546875,14056.9111328125,13620.4970703125,16074.33203125,13433.28515625,15373.5
130.0,-1.0,8.0,-6.0,-17.0,19.0,15.0,13.0,3.0,20278.880859375,21384.365234375,20599.447265625,20563.208984375,19921.65625,23511.509765625,19650.478515625,22490.990234375
131.0,-5.0,-11.0,13.0,-15.0,-17.0,-2.0,-8.0,4.0,19686.283203125,20759.240234375,19996.68359375,19962.326171875,19339.2890625,22820.400390625,19076.85546875,21834.88671875
132.0,20.0,7.0,-4.0,16.0,-3.0,-10.0,-19.0,6.0,11191.13671875,11800.71875,11367.466796875,11348.1044921875,10993.6357421875,12973.58984375,10844.3828125,12412.08203125
133.0,19.0,2.0,-20.0,-12.0,-11.0,13.0,5.0,5.0,19969.466796875,21058.404296875,20287.162109375,20250.109375,19620.322265625,23159.80859375,19351.201171875,22146.22265625
134.0,-13.0,-10.0,16.0,-8.0,2.0,7.0,15.0,4.0,18546.703125,19557.19921875,18840.583984375,18806.537109375,18220.390625,21506.580078125,17971.599609375,20568.412109375
135.0,-14.0,8.0,11.0,18.0,-15.0,-4.0,-12.0,4.0,14616.875,15413.6611328125,14847.8984375,14821.978515625,14359.837890625,16947.46875,14163.875,16211.2109375
136.0,13.0,-2.0,7.0,-18.0,-8.0,1.0,-14.0,6.0,14310.5576171875,15091.25,14536.7646484375,14511.4580078125,14060.5654296875,16589.15234375,13868.431640625,15872.5400390625
137.0,1.0,-9.0,7.0,8.0,-1.0,4.0,-11.0,3.0,14064.0322265625,14831.3818359375,14287.017578125,14261.7587890625,13818.9755859375,16306.9404296875,13629.0693359375,15598.0341796875
138.0,5.0,7.0,-8.0,17.0,2.0,7.0,16.0,2.0,18487.04296875,19495.3125,18781.046875,18746.583984375,18164.10546875,21440.33203125,17914.27734375,20501.71484375
139.0,-3.0,-17.0,-3.0,17.0,0.0,-5.0,-20.0,4.0,16814.400390625,17731.666015625,17080.796875,17050.470703125,16520.8046875,19495.91796875,16294.296875,18648.509765625
140.0,10.0,0.0,-20.0,19.0,-19.0,-13.0,2.0,2.0,12409.9208984375,13086.8515625,12606.6015625,12584.2060546875,12192.908203125,14389.1181640625,12025.7451171875,13763.341796875
141.0,-19.0,14.0,-17.0,16.0,-20.0,-7.0,19.0,6.0,14056.939453125,14822.666015625,14275.2265625,14253.544921875,13807.4287109375,16279.572265625,13622.7373046875,15595.0859375
142.0,2.0,9.0,4.0,-6.0,-1.0,-5.0,4.0,3.0,16754.248046875,17668.294921875,17020.54296875,16989.767578125,16462.724609375,19427.3203125,16236.458984375,18581.3359375
143.0,-12.0,7.0,-19.0,19.0,18.0,-11.0,9.0,3.0,15713.0546875,16570.076171875,15961.4033203125,15933.7763671875,15437.958984375,18216.25390625,15226.6875,17427.544921875
144.0,6.0,-9.0,18.0,-3.0,-1.0,-9.0,16.0,5.0,15250.037109375,16082.3642578125,15492.330078125,15464.9375,14985.4609375,17684.15234375,14778.923828125,16913.171875
145.0,-20.0,-6.0,-20.0,17.0,14.0,-8.0,17.0,4.0,15608.6982421875,16460.38671875,15855.1435546875,15828.30859375,15336.548828125,18091.71484375,15126.9130859375,17313.38671875
146.0,-9.0,-17.0,1.0,-14.0,-2.0,-6.0,18.0,3.0,17175.599609375,18111.681640625,17448.240234375,17416.5234375,16874.07421875,19917.90625,16643.41015625,19047.208984375
147.0,-11.0,18.0,-18.0,5.0,-5.0,0.0,17.0,2.0,18161.078125,19150.001953125,18447.30078125,18415.37109375,17838.87890625,21055.857421875,17597.1796875,20141.689453125
148.0,-18.0,7.0,12.0,-15.0,13.0,-6.0,-4.0,5.0,16195.095703125,17078.54296875,16454.232421875,16423.0390625,15913.67578125,18786.78515625,15693.8203125,17959.017578125
149.0,3.0,-11.0,0.0,12.0,13.0,6.0,-4.0,2.0,20529.138671875,21647.6328125,20853.3046875,20816.796875,20167.607421875,23799.111328125,19893.517578125,22768.908203125
150.0,17.0,-8.0,-4.0,-15.0,17.0,5.0,-20.0,6.0,21646.89453125,22826.40625,21990.228515625,21950.3984375,21264.69921875,25103.33984375,20975.037109375,24005.85546875
151.0,19.0,14.0,-1.0,-7.0,-13.0,2.0,-7.0,4.0,13902.2607421875,14660.173828125,14121.5185546875,14097.4501953125,13658.431640625,16115.953125,13472.13671875,15419.244140625
152.0,18.0,-9.0,-8.0,-6.0,-12.0,0.0,12.0,4.0,14425.8955078125,15211.435546875,14654.060546875,14627.8525390625,14171.794921875,16727.830078125,13978.6826171875,15998.05078125
153.0,13.0,-20.0,-5.0,17.0,4.0,12.0,7.0,2.0,18339.373046875,19338.908203125,18628.01171875,18596.638671875,18017.638671875,21256.021484375,17772.15234375,20341.5703125
154.0,4.0,-11.0,-18.0,18.0,-14.0,17.0,13.0,2.0,21669.732421875,22849.796875,22012.416015625,21973.17578125,21285.37890625,25127.99609375,20996.388671875,24031.96875
155.0,-3.0,1.0,12.0,8.0,-15.0,-14.0,16.0,2.0,15946.2578125,16814.845703125,16196.5634765625,16169.5341796875,15664.392578125,18480.583984375,15452.3837890625,17687.310546875
156.0,0.0,10.0,6.0,17.0,-11.0,4.0,-12.0,2.0,11989.5244140625,12642.802734375,12178.59765625,12157.72265625,11778.4541015625,13899.6015625,11618.126953125,13297.45703125
157.0,-8.0,3.0,-8.0,-8.0,-3.0,0.0,-15.0,5.0,19326.447265625,20380.142578125,19633.853515625,19597.845703125,18987.7421875,22414.484375,18727.560546875,21432.365234375
158.0,7.0,-19.0,3.0,-3.0,-20.0,3.0,-10.0,2.0,22173.697265625,23381.876953125,22526.365234375,22484.458984375,21784.6640625,25717.953125,21486.369140625,24589.150390625
159.0,7.0,7.0,-20.0,-8.0,15.0,-14.0,-5.0,4.0,16757.8828125,17670.689453125,17022.888671875,16992.822265625,16461.697265625,19432.0625,16237.7861328125,18584.447265625
160.0,-9.0,19.0,-16.0,-11.0,-15.0,5.0,4.0,4.0,15152.0927734375,15978.0595703125,15392.5927734375,15364.62890625,14886.576171875,17571.884765625,14682.474609375,16803.767578125
161.0,19.0,-6.0,-8.0,9.0,-1.0,-7.0,-15.0,6.0,13943.638671875,14703.814453125,14163.8408203125,14139.556640625,13699.3203125,16165.3544921875,13512.2021484375,15464.8916015625
162.0,20.0,4.0,2.0,-7.0,-9.0,19.0,-1.0,6.0,20580.169921875,21701.408203125,20904.626953125,20868.615234375,20217.7421875,23857.04296875,19943.017578125,22825.515625
163.0,-3.0,-15.0,3.0,18.0,-3.0,9.0,17.0,5.0,17410.96875,18359.904296875,17685.89453125,17654.970703125,17104.96875,20183.802734375,16871.794921875,19310.818359375
164.0,-20.0,5.0,19.0,-20.0,-12.0,13.0,-19.0,4.0,20203.150390625,21304.072265625,20523.068359375,20486.5859375,19847.84765625,23426.115234375,19576.923828125,22406.0546875
165.0,2.0,3.0,-4.0,14.0,17.0,-2.0,10.0,3.0,18379.607421875,19380.798828125,18671.234375,18636.90234375,18055.658203125,21313.57421875,17809.83984375,20382.634765625
166.0,3.0,-7.0,15.0,-8.0,-7.0,16.0,-19.0,5.0,16397.783203125,17292.5546875,16659.150390625,16628.646484375,16112.2890625,19019.390625,15890.2490234375,18184.65234375
167.0,-19.0,13.0,12.0,5.0,5.0,15.0,0.0,6.0,19474.111328125,20535.548828125,19781.1640625,19747.466796875,19132.294921875,22575.0546875,18871.4765625,21599.244140625
168.0,-2.0,2.0,18.0,20.0,-20.0,1.0,6.0,3.0,18514.5,19523.3828125,18807.119140625,18774.208984375,18188.68359375,21466.3359375,17940.599609375,20533.603515625
169.0,8.0,8.0,6.0,18.0,0.0,18.0,-19.0,6.0,16525.255859375,17426.373046875,16786.3671875,16757.37890625,16235.6943359375,19157.095703125,16014.0830078125,18328.580078125
170.0,8.0,-14.0,7.0,17.0,-6.0,12.0,0.0,2.0,20761.298828125,21892.501953125,21089.150390625,21052.220703125,20396.17578125,24069.5,20118.234375,23025.76171875
171.0,7.0,-20.0,10.0,3.0,5.0,13.0,17.0,5.0,18527.630859375,19536.890625,18820.35546875,18787.193359375,18200.38671875,21481.345703125,17953.078125,20548.20703125
172.0,-13.0,6.0,-14.0,0.0,-7.0,-14.0,-3.0,3.0,13923.9599609375,14682.908203125,14141.7353515625,14119.0595703125,13678.4599609375,16131.7724609375,13493.6513671875,15446.0048828125
173.0,-12.0,6.0,-19.0,2.0,0.0,-19.0,12.0,3.0,12854.80078125,13555.8974609375,13057.982421875,13035.3896484375,12630.076171875,14901.6650390625,12457.3876953125,14257.857421875
174.0,-10.0,-20.0,14.0,20.0,-11.0,2.0,-8.0,5.0,14157.79296875,14930.1689453125,14381.1845703125,14356.62890625,13912.029296875,16410.79296875,13720.7470703125,15703.2705078125
175.0,1.0,12.0,9.0,-5.0,-12.0,-7.0,12.0,6.0,12411.1201171875,13087.802734375,12606.6806640625,12585.4091796875,12194.02734375,14385.7861328125,12027.548828125,13765.8671875
176.0,-20.0,16.0,-6.0,-9.0,5.0,-19.0,17.0,2.0,12923.5263671875,13628.21484375,13128.388671875,13104.9765625,12697.515625,14984.0107421875,12523.703125,14333.1982421875
177.0,-14.0,19.0,19.0,13.0,8.0,-15.0,-9.0,2.0,13821.8193359375,14575.3818359375,14039.912109375,14015.78125,13579.5244140625,16021.923828125,13394.3017578125,15330.162109375
178.0,17.0,-5.0,-5.0,-19.0,-9.0,-16.0,0.0,2.0,10430.2958984375,10999.4111328125,10594.1337890625,10576.9697265625,10247.953125,12087.3134765625,10108.1103515625,11569.8994140625
179.0,-3.0,-5.0,11.0,-4.0,-17.0,-13.0,-17.0,5.0,11252.890625,11866.498046875,11430.3466796875,11410.986328125,11056.5615234375,13043.4130859375,10905.1640625,12481.2275390625
180.0,4.0,15.0,20.0,-18.0,-6.0,-20.0,9.0,5.0,15174.0537109375,16002.017578125,15415.212890625,15387.25,14910.46484375,17596.71875,14704.7529296875,16828.259765625
181.0,-3.0,-1.0,15.0,-15.0,14.0,-15.0,7.0,5.0,18400.380859375,19403.34375,18690.46875,18658.494140625,18077.9609375,21327.578125,17831.765625,20409.21875
182.0,15.0,4.0,7.0,-15.0,-3.0,4.0,7.0,3.0,15255.62890625,16087.140625,15497.0625,15469.6484375,14987.00390625,17688.8984375,14782.80078125,16919.142578125
183.0,1.0,3.0,-8.0,20.0,3.0,-10.0,-13.0,6.0,12851.51171875,13553.5439453125,13056.28515625,13032.9296875,12630.0517578125,14904.0771484375,12454.865234375,14252.708984375
184.0,15.0,10.0,18.0,2.0,-19.0,4.0,-3.0,2.0,12998.060546875,13707.0986328125,13203.265625,13180.841796875,12772.1064453125,15067.5009765625,12596.6796875,14416.625
185.0,-15.0,-17.0,13.0,-5.0,16.0,-18.0,-8.0,6.0,12837.93359375,13538.115234375,13040.630859375,13018.3046875,12613.474609375,14881.6904296875,12441.0322265625,14239.1142578125
186.0,-20.0,8.0,-11.0,15.0,-9.0,-17.0,-13.0,3.0,13209.0205078125,13929.68359375,13418.2236328125,13394.482421875,12979.3291015625,15313.546875,12801.1728515625,14650.087890625
187.0,-16.0,5.0,-13.0,-5.0,-5.0,-18.0,-9.0,5.0,18760.626953125,19783.197265625,19058.505859375,19023.87109375,18432.1484375,21755.7890625,18179.224609375,20805.9609375
188.0,-3.0,17.0,3.0,0.0,6.0,16.0,-19.0,2.0,19795.42578125,20874.115234375,20108.591796875,20073.02734375,19447.357421875,22951.353515625,19182.380859375,21954.029296875
189.0,-20.0,11.0,11.0,10.0,-20.0,-11.0,-3.0,5.0,14612.431640625,15408.5849609375,14841.4990234375,14817.1669921875,14354.337890625,16935.25390625,14160.033203125,16207.6357421875
190.0,20.0,-16.0,-7.0,-6.0,15.0,9.0,0.0,2.0,13460.2138671875,14195.341796875,13674.6044921875,13650.0693359375,13228.423828125,15606.66796875,13045.478515625,14928.8330078125
191.0,1.0,-15.0,0.0,1.0,2.0,2.0,8.0,4.0,18112.53125,19098.388671875,18399.10546875,18365.81640625,17790.876953125,21003.818359375,17549.541015625,20086.5
192.0,0.0,-1.0,-2.0,18.0,18.0,-14.0,-6.0,2.0,13348.830078125,14077.033203125,13559.765625,13536.4345703125,13115.8818359375,15473.439453125,12936.603515625,14805.9208984375
193.0,-18.0,4.0,15.0,11.0,11.0,-6.0,4.0,3.0,13680.1826171875,14427.3955078125,13898.2001953125,13873.2265625,13444.3046875,15865.294921875,13257.9296875,15171.669921875
194.0,-15.0,-2.0,10.0,20.0,-15.0,7.0,10.0,4.0,17694.880859375,18659.896484375,17975.72265625,17943.701171875,17385.734375,20518.619140625,17147.3046875,19624.130859375
195.0,-20.0,14.0,-6.0,7.0,15.0,17.0,-8.0,6.0,19206.853515625,20253.3515625,19511.625,19476.111328125,18869.203125,22274.439453125,18611.2890625,21299.74609375
196.0,1.0,-19.0,-20.0,2.0,18.0,10.0,-17.0,2.0,20008.224609375,21098.44140625,20323.734375,20288.748046875,19656.353515625,23194.2578125,19388.873046875,22191.09765625
197.0,15.0,-7.0,18.0,-19.0,8.0,-8.0,2.0,4.0,13174.703125,13893.0830078125,13382.65625,13359.779296875,12943.9228515625,15272.6142578125,12767.0576171875,14612.3056640625
198.0,17.0,-9.0,-9.0,5.0,5.0,-7.0,3.0,5.0,14381.6875,15165.8935546875,14608.4072265625,14583.7802734375,14129.873046875,16669.24609375,13937.171875,15951.8291015625
199.0,-10.0,0.0,-7.0,-13.0,-11.0,4.0,7.0,3.0,17093.72265625,18025.091796875,17364.99609375,17333.408203125,16792.91015625,19823.03125,16563.75390625,18956.291015625
200.0,-2.0,18.0,-20.0,13.0,2.0,5.0,3.0,5.0,16126.1923828125,17005.0625,16379.390625,16352.3603515625,15843.2958984375,18688.134765625,15627.74609375,17887.537109375
201.0,-18.0,9.0,16.0,17.0,-4.0,13.0,-20.0,3.0,16393.1875,17286.1171875,16651.4296875,16622.97265625,16103.1240234375,19004.498046875,15884.7802734375,18181.70703125
202.0,-12.0,17.0,-11.0,6.0,-7.0,-5.0,10.0,2.0,14764.787109375,15570.57421875,15000.4765625,14972.5361328125,14509.6875,17124.634765625,14308.6767578125,16373.7080078125
203.0,-11.0,-2.0,-17.0,-13.0,-13.0,-9.0,15.0,5.0,14224.1962890625,15000.1962890625,14449.5234375,14424.2587890625,13976.5830078125,16490.927734375,13784.865234375,15776.279296875
204.0,6.0,7.0,-10.0,12.0,-15.0,-13.0,9.0,6.0,15101.9755859375,15924.552734375,15340.0751953125,15313.4609375,14836.2451171875,17508.0703125,14634.1318359375,16749.228515625
205.0,8.0,11.0,5.0,4.0,9.0,-2.0,15.0,4.0,18060.35546875,19045.130859375,18345.572265625,18313.931640625,17744.333984375,20936.24609375,17501.90625,20031.21875
206.0,14.0,16.0,-19.0,13.0,13.0,-3.0,-12.0,2.0,17063.197265625,17993.3984375,17333.416015625,17302.435546875,16763.54296875,19785.388671875,16534.40625,18923.443359375
207.0,-8.0,14.0,5.0,-11.0,-17.0,17.0,8.0,2.0,18680.98046875,19698.044921875,18974.349609375,18942.22265625,18349.173828125,21652.46484375,18101.72265625,20719.88671875
208.0,14.0,-5.0,-14.0,-13.0,-15.0,16.0,14.0,6.0,18110.3671875,19097.404296875,18398.59375,18364.66796875,17791.705078125,21005.142578125,17548.392578125,20083.919921875
209.0,1.0,5.0,11.0,16.0,16.0,-6.0,15.0,6.0,17310.224609375,18253.833984375,17585.083984375,17553.1015625,17007.41796875,20074.515625,16774.275390625,19196.619140625
210.0,-3.0,-12.0,-13.0,9.0,-15.0,19.0,18.0,3.0,20674.033203125,21799.669921875,21001.236328125,20963.36328125,20308.48046875,23974.94140625,20032.087890625,22926.904296875
211.0,-14.0,-6.0,-9.0,-18.0,0.0,-17.0,-6.0,3.0,14192.7421875,14967.1083984375,14418.4873046875,14392.4677734375,13946.2119140625,16458.396484375,13754.099609375,15740.46484375
212.0,9.0,-4.0,-4.0,-19.0,6.0,19.0,20.0,5.0,18142.763671875,19131.390625,18431.072265625,18397.23046875,17823.9296875,21042.984375,17579.708984375,20119.05859375
213.0,-3.0,10.0,-20.0,17.0,9.0,-6.0,16.0,5.0,14757.6767578125,15562.388671875,14990.0302734375,14964.8212890625,14498.5419921875,17104.328125,14301.400390625,16368.84375
214.0,-13.0,14.0,-3.0,-19.0,-13.0,1.0,-19.0,4.0,14332.6923828125,15114.7216796875,14559.626953125,14534.244140625,14083.591796875,16614.935546875,13890.5244140625,15897.232421875
215.0,-6.0,-20.0,17.0,-20.0,12.0,4.0,17.0,6.0,14254.5966796875,15031.78125,14479.92578125,14454.923828125,14004.60546875,16526.8515625,13813.39453125,15809.595703125
216.0,12.0,14.0,9.0,-11.0,-2.0,13.0,0.0,5.0,19256.97265625,20306.1484375,19562.310546875,19527.01171875,18917.37890625,22331.634765625,18659.654296875,21355.765625
217.0,-3.0,16.0,-18.0,-16.0,-4.0,-12.0,1.0,6.0,15830.3974609375,16692.86328125,16080.10546875,16052.0263671875,15552.4150390625,18351.181640625,15340.3701171875,17557.63671875
218.0,12.0,15.0,14.0,-2.0,19.0,-5.0,7.0,4.0,11071.21484375,11674.501953125,11245.919921875,11226.609375,10876.6279296875,12835.0751953125,10728.4287109375,12279.0166015625
219.0,-19.0,-17.0,-12.0,9.0,-13.0,-5.0,-7.0,6.0,15627.3359375,16479.15234375,15873.7724609375,15846.486328125,15352.6279296875,18115.19921875,15143.4541015625,17332.48828125
220.0,17.0,4.0,8.0,-11.0,12.0,-15.0,0.0,6.0,11203.3330078125,11814.6513671875,11380.8896484375,11361.376953125,11008.3623046875,12990.3017578125,10856.8623046875,12425.66796875
221.0,8.0,-8.0,-4.0,-8.0,1.0,2.0,1.0,3.0,19813.447265625,20893.052734375,20127.798828125,20091.16015625,19464.787109375,22976.90234375,19198.96875,21972.8203125
222.0,-1.0,-6.0,-12.0,-12.0,-13.0,6.0,10.0,2.0,19946.51171875,21033.033203125,20263.822265625,20226.26171875,19594.90234375,23136.580078125,19327.1640625,22119.1875
223.0,7.0,9.0,17.0,14.0,4.0,-18.0,-20.0,4.0,14507.068359375,15299.28515625,14737.9033203125,14711.6298828125,14256.3994140625,16822.904296875,14059.1611328125,16089.21875
224.0,2.0,-16.0,-16.0,10.0,15.0,12.0,-14.0,4.0,22338.658203125,23555.052734375,22693.462890625,22651.583984375,21943.615234375,25909.56640625,21644.603515625,24771.96484375
225.0,-1.0,13.0,15.0,13.0,-18.0,13.0,-9.0,5.0,18044.986328125,19028.609375,18333.056640625,18298.466796875,17728.177734375,20932.9921875,17484.99609375,20010.30078125
226.0,-19.0,8.0,20.0,6.0,6.0,15.0,-10.0,2.0,15203.9365234375,16032.2763671875,15443.6552734375,15417.0224609375,14935.421875,17626.2734375,14732.458984375,16862.40625
227.0,-7.0,17.0,18.0,0.0,-17.0,-4.0,4.0,2.0,20206.044921875,21307.19140625,20525.091796875,20489.451171875,19850.798828125,23425.3359375,19580.64453125,22410.12109375
228.0,12.0,12.0,-15.0,18.0,11.0,-18.0,8.0,5.0,17640.07421875,18602.392578125,17919.86328125,17888.126953125,17332.92578125,20452.119140625,17095.0,19564.505859375
229.0,-20.0,15.0,-2.0,7.0,-15.0,-20.0,2.0,4.0,12783.6982421875,13480.8251953125,12985.3173828125,12963.1943359375,12560.373046875,14818.119140625,12388.5107421875,14178.9931640625
230.0,-17.0,2.0,14.0,-15.0,-6.0,-11.0,-20.0,3.0,16567.41015625,17470.494140625,16828.5390625,16799.791015625,16277.40625,19203.755859375,16055.10546875,18375.744140625
231.0,14.0,-20.0,-1.0,-12.0,8.0,-7.0,7.0,5.0,11176.552734375,11786.9521484375,11354.5400390625,11334.3037109375,10984.2109375,12959.4150390625,10831.927734375,12396.1865234375
232.0,0.0,-3.0,-5.0,19.0,6.0,-10.0,9.0,5.0,16226.365234375,17110.380859375,16483.47265625,16453.7421875,15941.4697265625,18817.455078125,15723.193359375,17994.6484375
233.0,-20.0,5.0,14.0,-2.0,-17.0,17.0,11.0,6.0,16863.841796875,17783.072265625,17122.326171875,17099.50390625,16565.53125,19512.865234375,16345.806640625,18713.375
234.0,-16.0,5.0,-10.0,0.0,-4.0,-9.0,5.0,5.0,16678.107421875,17587.361328125,16941.201171875,16912.267578125,16384.876953125,19333.294921875,16161.8837890625,18498.197265625
235.0,16.0,5.0,-7.0,-17.0,-5.0,11.0,-13.0,2.0,17659.724609375,18621.943359375,17936.7890625,17907.025390625,17347.681640625,20465.923828125,17113.220703125,19588.400390625
236.0,-5.0,16.0,-18.0,-10.0,-5.0,-2.0,10.0,4.0,18500.740234375,19509.041015625,18793.654296875,18760.40625,18175.904296875,21451.33984375,17927.552734375,20518.32421875
237.0,1.0,1.0,10.0,0.0,13.0,7.0,-13.0,5.0,18707.4921875,19727.86328125,19003.541015625,18970.349609375,18380.97265625,21687.2578125,18129.556640625,20749.1484375
238.0,5.0,-10.0,6.0,16.0,15.0,-2.0,-3.0,2.0,10502.287109375,11075.0771484375,10666.1181640625,10649.58203125,10317.1435546875,12167.1787109375,10177.607421875,11650.33203125
239.0,5.0,17.0,-10.0,-7.0,17.0,-13.0,7.0,5.0,14002.0517578125,14766.890625,14225.1220703125,14199.57421875,13760.873046875,16237.2568359375,13570.171875,15529.373046875
240.0,-1.0,-1.0,14.0,-16.0,12.0,-13.0,-2.0,5.0,9718.5703125,10249.25390625,9872.7568359375,9855.5478515625,9550.3486328125,11267.462890625,9418.5439453125,10779.2236328125
241.0,-3.0,19.0,20.0,9.0,1.0,-17.0,8.0,2.0,13627.970703125,14371.119140625,13843.205078125,13819.4052734375,13390.0400390625,15796.4140625,13206.8916015625,15115.7919921875
242.0,-18.0,2.0,-11.0,8.0,-2.0,-18.0,-6.0,4.0,19475.27734375,20536.994140625,19784.095703125,19748.607421875,19133.439453125,22584.33203125,18871.923828125,21598.435546875
243.0,-14.0,7.0,-13.0,-11.0,-12.0,-6.0,-7.0,2.0,16710.185546875,17620.3046875,16972.8515625,16944.125,16415.453125,19367.58984375,16192.9609375,18534.0
244.0,12.0,0.0,17.0,4.0,-1.0,16.0,1.0,2.0,17874.296875,18848.041015625,18156.783203125,18124.740234375,17558.947265625,20723.984375,17320.123046875,19823.626953125
245.0,17.0,17.0,15.0,17.0,-11.0,-11.0,-19.0,5.0,13433.9716796875,14166.3447265625,13646.46484375,13622.5341796875,13198.599609375,15574.5732421875,13018.2294921875,14899.5380859375
246.0,9.0,-3.0,10.0,9.0,-7.0,-18.0,-1.0,5.0,13538.0654296875,14277.158203125,13753.119140625,13728.9375,13303.9921875,15696.306640625,13120.4501953125,15015.1083984375
247.0,-5.0,16.0,-6.0,-11.0,17.0,-6.0,5.0,5.0,9639.8642578125,10166.2470703125,9792.8671875,9775.7109375,9473.01171875,11176.5732421875,9342.1943359375,10691.81640625
248.0,-13.0,16.0,13.0,-12.0,-20.0,-20.0,-1.0,6.0,13824.7939453125,14578.6142578125,14043.0166015625,14018.966796875,13582.9970703125,16026.6943359375,13397.359375,15333.48828125
249.0,12.0,4.0,7.0,-2.0,-17.0,14.0,8.0,2.0,17198.13671875,18135.8359375,17471.02734375,17439.63671875,16896.982421875,19942.638671875,16665.5,19073.19921875
250.0,-1.0,18.0,-2.0,1.0,13.0,19.0,-12.0,2.0,21847.224609375,23037.515625,22192.203125,22153.298828125,21462.830078125,25328.13671875,21170.5859375,24230.03125
251.0,13.0,-13.0,-13.0,-19.0,-4.0,5.0,0.0,2.0,15069.82421875,15891.2255859375,15307.1865234375,15281.2568359375,14804.5048828125,17469.888671875,14603.0830078125,16714.044921875
252.0,17.0,14.0,-1.0,13.0,-11.0,5.0,-11.0,2.0,16641.318359375,17548.41796875,16905.70703125,16874.52734375,16350.2529296875,19297.505859375,16126.3564453125,18455.11328125
253.0,-3.0,-13.0,9.0,-16.0,15.0,16.0,2.0,5.0,17441.326171875,18392.107421875,17717.556640625,17686.05859375,17135.177734375,20222.189453125,16901.3984375,19343.634765625
254.0,-19.0,-1.0,5.0,0.0,0.0,15.0,10.0,2.0,18097.166015625,19083.587890625,18383.638671875,18351.4296875,17779.068359375,20983.7265625,17536.5,20070.859375
255.0,-9.0,-19.0,-2.0,-19.0,6.0,3.0,16.0,5.0,13571.1435546875,14311.1142578125,13786.451171875,13762.111328125,13333.0009765625,15738.0546875,13150.5908203125,15050.7236328125
256.0,13.0,1.0,18.0,-4.0,11.0,-5.0,13.0,6.0,15043.662109375,15863.955078125,15280.9501953125,15254.88671875,14779.8388671875,17437.6875,14578.384765625,16685.626953125
257.0,2.0,-1.0,-4.0,-19.0,20.0,-18.0,-19.0,2.0,14388.5205078125,15172.0537109375,14614.66015625,14589.826171875,14134.9296875,16678.5703125,13942.8310546875,15958.1943359375
258.0,11.0,0.0,-2.0,-20.0,13.0,-2.0,-20.0,3.0,15152.01953125,15978.0078125,15389.259765625,15364.40625,14884.7412109375,17556.017578125,14683.6806640625,16807.806640625
259.0,-11.0,20.0,-15.0,-11.0,4.0,9.0,8.0,3.0,23594.681640625,24880.291015625,23970.361328125,23925.91796875,23179.728515625,27368.162109375,22862.2734375,26165.255859375
260.0,-14.0,-12.0,-9.0,-12.0,1.0,-7.0,20.0,2.0,16561.701171875,17464.75,16824.80078125,16794.265625,16271.9833984375,19207.158203125,16048.552734375,18366.546875
261.0,4.0,13.0,18.0,2.0,16.0,-5.0,0.0,3.0,16358.8046875,17250.734375,16617.634765625,16588.76171875,16072.166015625,18966.30859375,15852.6640625,18143.34765625
262.0,-11.0,10.0,-19.0,14.0,14.0,12.0,20.0,5.0,18584.15625,19597.134765625,18877.39453125,18844.845703125,18257.51953125,21544.4765625,18008.7890625,20611.947265625
263.0,14.0,12.0,1.0,18.0,11.0,-13.0,-14.0,6.0,14109.3662109375,14878.5576171875,14332.5615234375,14307.400390625,13861.90234375,16358.18359375,13672.50390625,15648.3876953125
264.0,11.0,-10.0,-8.0,14.0,20.0,-4.0,17.0,4.0,10323.7138671875,10886.580078125,10483.841796875,10467.94140625,10141.830078125,11954.1025390625,10005.3896484375,11454.046875
265.0,14.0,1.0,7.0,-18.0,19.0,-12.0,16.0,3.0,17428.8203125,18379.533203125,17704.50390625,17673.494140625,17123.62890625,20205.95703125,16889.697265625,19330.626953125
266.0,9.0,6.0,-12.0,-9.0,0.0,-17.0,18.0,3.0,13873.751953125,14630.28515625,14092.6904296875,14068.6435546875,13630.5400390625,16082.716796875,13444.5146484375,15387.7021484375
267.0,-15.0,-17.0,2.0,10.0,20.0,-5.0,15.0,4.0,16007.7470703125,16879.970703125,16258.716796875,16232.056640625,15725.9609375,18549.845703125,15512.4560546875,17756.326171875
268.0,-14.0,19.0,12.0,-14.0,4.0,-19.0,-18.0,3.0,14400.693359375,15185.537109375,14626.6474609375,14602.857421875,14147.634765625,16688.0078125,13955.380859375,15973.580078125
269.0,-13.0,9.0,-14.0,7.0,17.0,-6.0,-18.0,2.0,12862.568359375,13563.974609375,13065.5576171875,13043.205078125,12637.1513671875,14910.0146484375,12464.7060546875,14266.458984375
270.0,18.0,4.0,-1.0,1.0,14.0,1.0,10.0,3.0,17765.52734375,18733.171875,18047.814453125,18014.6796875,17451.78515625,20605.30859375,17213.40625,19701.052734375
271.0,-20.0,-6.0,-12.0,10.0,-2.0,-19.0,-6.0,2.0,17157.107421875,18091.46484375,17426.40234375,17397.19140625,16853.966796875,19884.5,16625.802734375,19029.986328125
272.0,6.0,14.0,19.0,20.0,-1.0,16.0,5.0,3.0,18177.228515625,19168.5078125,18465.849609375,18432.462890625,17859.775390625,21078.716796875,17614.3671875,20158.802734375
273.0,-9.0,19.0,0.0,13.0,-16.0,-15.0,5.0,3.0,15116.0625,15940.2744140625,15356.181640625,15328.0078125,14852.5439453125,17527.671875,14648.7724609375,16763.95703125
274.0,4.0,-17.0,17.0,12.0,-3.0,6.0,8.0,2.0,18413.48828125,19417.224609375,18702.6640625,18671.6484375,18089.87109375,21339.158203125,17844.583984375,20424.64453125
275.0,-5.0,-1.0,-20.0,5.0,17.0,-13.0,5.0,5.0,13379.79296875,14109.197265625,13590.05859375,13567.2568359375,13144.708984375,15506.87890625,12965.8505859375,14840.669921875
276.0,-5.0,-10.0,-2.0,3.0,-1.0,-2.0,-19.0,6.0,14592.8701171875,15388.28515625,14823.705078125,14797.693359375,14336.5361328125,16919.173828125,14140.8203125,16184.2158203125
277.0,-11.0,14.0,-3.0,-13.0,-3.0,7.0,11.0,5.0,20769.376953125,21900.646484375,21098.892578125,21060.37109375,20401.890625,24088.369140625,20124.2890625,23031.833984375
278.0,-20.0,-14.0,5.0,-14.0,3.0,-16.0,-6.0,6.0,16810.78515625,17726.94140625,17076.849609375,17046.51953125,16515.1328125,19491.455078125,16289.9462890625,18643.8984375
279.0,-16.0,18.0,17.0,-14.0,-9.0,18.0,-6.0,3.0,20542.984375,21661.9609375,20869.20703125,20830.916015625,20181.271484375,23824.51953125,19905.703125,22781.671875
280.0,16.0,2.0,-9.0,-7.0,19.0,13.0,12.0,3.0,13775.8623046875,14526.892578125,13992.9794921875,13969.1552734375,13533.828125,15970.3466796875,13349.2841796875,15278.6494140625
281.0,4.0,18.0,-1.0,-16.0,15.0,16.0,-6.0,6.0,21016.38671875,22160.666015625,21348.369140625,21310.373046875,20644.513671875,24368.22265625,20364.193359375,23307.91015625
282.0,1.0,2.0,-2.0,15.0,-8.0,-6.0,2.0,6.0,14781.0673828125,15587.3232421875,15015.4580078125,14988.3505859375,14523.3974609375,17137.771484375,14323.8701171875,16393.16015625
283.0,-2.0,-8.0,-19.0,11.0,5.0,18.0,20.0,4.0,16798.50390625,17713.279296875,17063.59375,17033.638671875,16500.1953125,19477.470703125,16276.5947265625,18630.029296875
284.0,0.0,13.0,14.0,-3.0,6.0,1.0,-3.0,5.0,15521.8408203125,16367.1962890625,15765.96875,15739.1123046875,15247.8388671875,17991.447265625,15040.7919921875,17215.578125
285.0,-14.0,7.0,16.0,-2.0,-10.0,-5.0,15.0,4.0,16820.431640625,17736.953125,17087.728515625,17056.365234375,16525.60546875,19506.765625,16299.2802734375,18653.5859375
286.0,10.0,8.0,-15.0,20.0,-16.0,-15.0,4.0,6.0,13966.7861328125,14728.7080078125,14189.6650390625,14163.271484375,13724.6875,16199.61328125,13534.7490234375,15488.5537109375
287.0,1.0,4.0,-14.0,14.0,9.0,-16.0,-16.0,5.0,10976.8857421875,11575.6162109375,11149.611328125,11131.2421875,10785.63671875,12722.9287109375,10637.7216796875,12175.6640625
288.0,2.0,-17.0,9.0,20.0,-19.0,-7.0,-9.0,4.0,17083.94140625,18015.06640625,17352.931640625,17323.15234375,16783.890625,19802.951171875,16555.369140625,18948.158203125
289.0,15.0,-12.0,10.0,16.0,3.0,6.0,14.0,5.0,12148.900390625,12811.53515625,12341.40234375,12320.0517578125,11936.7138671875,14086.9609375,11772.880859375,13473.9765625
290.0,14.0,6.0,2.0,17.0,10.0,-8.0,9.0,4.0,14664.2861328125,15463.560546875,14896.3212890625,14869.947265625,14407.0537109375,17002.36328125,14210.11328125,16263.712890625
291.0,1.0,18.0,16.0,-15.0,9.0,-18.0,1.0,6.0,11598.849609375,12231.06640625,11782.353515625,11761.3671875,11395.90625,13449.91796875,11239.611328125,12863.4638671875
292.0,20.0,8.0,1.0,17.0,16.0,-1.0,-20.0,2.0,17346.740234375,18292.55859375,17620.548828125,17590.3046875,17043.314453125,20107.189453125,16810.939453125,19240.1640625
293.0,-17.0,12.0,-7.0,12.0,-17.0,-16.0,7.0,4.0,13972.541015625,14733.9775390625,14191.65625,14168.2333984375,13726.0888671875,16193.599609375,13539.9697265625,15498.1005859375
294.0,11.0,10.0,-8.0,15.0,11.0,13.0,20.0,3.0,15320.5,16156.2109375,15562.888671875,15535.71484375,15052.8623046875,17761.875,14846.3974609375,16991.9921875
295.0,16.0,0.0,9.0,-13.0,18.0,-7.0,-11.0,3.0,13289.736328125,14014.3740234375,13499.1826171875,13476.2763671875,13057.44921875,15402.859375,12879.72265625,14740.880859375
296.0,-11.0,4.0,-2.0,-2.0,10.0,20.0,5.0,4.0,17212.361328125,18150.603515625,17486.31640625,17454.1640625,16910.30078125,19963.71875,16678.337890625,19087.978515625
297.0,-5.0,-4.0,19.0,5.0,6.0,-16.0,-1.0,4.0,18114.18359375,19101.396484375,18401.818359375,18368.53515625,17796.181640625,21007.134765625,17552.388671875,20088.9921875
298.0,-15.0,-13.0,-11.0,-19.0,-3.0,-20.0,-20.0,4.0,14625.6513671875,15423.25390625,14857.01171875,14831.009765625,14370.12890625,16954.265625,14173.5146484375,16222.0810546875
299.0,-14.0,-3.0,-18.0,-17.0,9.0,-5.0,11.0,4.0,20229.12890625,21331.267578125,20550.099609375,20513.01953125,19872.201171875,23460.546875,19601.41015625,22433.544921875
300.0,14.0,9.0,0.0,-5.0,-6.0,-11.0,-16.0,2.0,13759.373046875,14510.9814453125,13978.9208984375,13953.5517578125,13522.3134765625,15957.6728515625,13334.7333984375,15259.6669921875
301.0,-14.0,15.0,20.0,-5.0,1.0,-20.0,4.0,4.0,18283.919921875,19280.40625,18572.75,18540.453125,17962.509765625,21197.94140625,17717.57421875,20278.216796875
302.0,-12.0,2.0,17.0,2.0,9.0,-19.0,0.0,6.0,19898.873046875,20982.73046875,20213.734375,20177.65234375,19547.177734375,23075.154296875,19281.37890625,22067.81640625
303.0,3.0,-3.0,10.0,1.0,-8.0,-9.0,-2.0,5.0,13575.513671875,14315.734375,13790.056640625,13766.376953125,13337.849609375,15739.1533203125,13155.4775390625,15056.6181640625
304.0,8.0,15.0,-15.0,8.0,-18.0,-5.0,5.0,5.0,15371.1044921875,16209.6591796875,15614.939453125,15586.8828125,15103.65234375,17822.125,14895.8876953125,17047.6328125
305.0,14.0,-6.0,14.0,14.0,-17.0,7.0,8.0,3.0,18353.62890625,19354.259765625,18644.767578125,18611.4296875,18031.259765625,21282.671875,17784.740234375,20355.001953125
306.0,12.0,-6.0,4.0,10.0,9.0,5.0,-6.0,4.0,14586.333984375,15381.404296875,14816.4599609375,14791.130859375,14330.6494140625,16909.037109375,14134.927734375,16178.1123046875
307.0,2.0,-9.0,10.0,-6.0,-3.0,4.0,4.0,5.0,19973.990234375,21062.935546875,20290.943359375,20254.5078125,19624.46484375,23162.541015625,19355.419921875,22151.18359375
308.0,15.0,20.0,15.0,-9.0,10.0,4.0,-1.0,5.0,15237.7900390625,16068.5576171875,15478.763671875,15451.880859375,14971.419921875,17665.880859375,14766.537109375,16899.908203125
309.0,15.0,-17.0,-13.0,0.0,0.0,-20.0,19.0,4.0,14224.4033203125,15000.2060546875,14450.26953125,14424.1748046875,13976.7841796875,16493.767578125,13784.6796875,15775.3564453125
310.0,-4.0,-4.0,7.0,-2.0,0.0,4.0,-8.0,2.0,18879.94921875,19908.779296875,19180.2578125,19144.927734375,18548.259765625,21898.673828125,18294.30078125,20936.83984375
311.0,10.0,6.0,11.0,19.0,2.0,-17.0,4.0,3.0,14605.99609375,15401.736328125,14834.9267578125,14810.5791015625,14347.90625,16927.658203125,14153.783203125,16200.443359375
312.0,-1.0,-5.0,17.0,15.0,18.0,8.0,-11.0,4.0,17295.189453125,18238.708984375,17568.525390625,17538.349609375,16993.537109375,20048.20703125,16761.166015625,19183.412109375
313.0,-2.0,0.0,-14.0,-9.0,-20.0,6.0,-5.0,2.0,19691.107421875,20764.142578125,20001.33203125,19967.259765625,19345.4140625,22824.158203125,19081.951171875,21840.3046875
314.0,-13.0,18.0,-3.0,-1.0,-11.0,18.0,0.0,3.0,17667.705078125,18629.869140625,17947.9453125,17915.333984375,17355.193359375,20490.091796875,17119.130859375,19593.03125
315.0,13.0,3.0,16.0,-4.0,-17.0,-2.0,3.0,3.0,18484.48046875,19492.052734375,18778.458984375,18744.095703125,18160.8515625,21437.9296875,17911.482421875,20498.849609375
316.0,-12.0,13.0,-12.0,-5.0,8.0,-3.0,18.0,5.0,15342.109375,16178.6513671875,15582.9208984375,15557.2265625,15073.568359375,17778.00390625,14868.779296875,17018.244140625
317.0,19.0,-1.0,2.0,3.0,0.0,-6.0,-11.0,3.0,13666.3544921875,14411.439453125,13883.2705078125,13858.2841796875,13427.271484375,15847.83203125,13243.126953125,15156.306640625
318.0,1.0,2.0,17.0,20.0,-6.0,-3.0,-4.0,3.0,12410.431640625,13086.6015625,12605.66796875,12584.5634765625,12191.716796875,14384.8408203125,12025.90625,13764.9775390625
319.0,-6.0,-6.0,-6.0,14.0,-16.0,8.0,18.0,6.0,17055.9609375,17985.509765625,17325.5625,17295.1640625,16755.263671875,19775.544921875,16527.287109375,18915.96484375
320.0,16.0,-7.0,0.0,-5.0,4.0,2.0,1.0,6.0,17076.07421875,18007.005859375,17346.7890625,17315.775390625,16777.408203125,19799.271484375,16547.724609375,18938.328125
321.0,-19.0,-9.0,-5.0,12.0,14.0,-18.0,-10.0,3.0,12629.896484375,13319.6279296875,12830.013671875,12807.87109375,12411.7431640625,14640.892578125,12240.861328125,14008.49609375
322.0,-9.0,16.0,4.0,-2.0,14.0,-9.0,15.0,2.0,14480.95703125,15269.6728515625,14709.2109375,14683.6767578125,14225.1630859375,16787.478515625,14032.0361328125,16061.021484375
323.0,6.0,19.0,-14.0,16.0,-11.0,8.0,-4.0,2.0,15919.0986328125,16786.751953125,16171.0361328125,16142.5087890625,15639.0244140625,18458.65234375,15425.6201171875,17655.046875
324.0,-13.0,19.0,10.0,-9.0,-19.0,-12.0,10.0,6.0,16500.025390625,17399.486328125,16760.326171875,16731.546875,16211.5439453125,19125.509765625,15990.4267578125,18301.353515625
325.0,7.0,-17.0,-16.0,10.0,18.0,5.0,19.0,5.0,15531.220703125,16378.130859375,15776.986328125,15749.140625,15259.478515625,18005.041015625,15050.7314453125,17226.123046875
326.0,-19.0,19.0,20.0,12.0,17.0,14.0,3.0,6.0,22381.595703125,23600.568359375,22736.896484375,22695.23828125,21986.642578125,25957.96875,21686.609375,24820.0625
327.0,4.0,20.0,5.0,-3.0,4.0,20.0,19.0,6.0,18613.39453125,19626.783203125,18905.60546875,18873.693359375,18282.796875,21573.607421875,18036.287109375,20645.072265625
328.0,0.0,3.0,19.0,-20.0,15.0,-16.0,13.0,3.0,9401.3955078125,9914.751953125,9549.9833984375,9533.7685546875,9239.1357421875,10898.525390625,9111.9638671875,10427.4375
329.0,-7.0,15.0,-12.0,16.0,-8.0,-13.0,4.0,3.0,15416.4677734375,16257.6826171875,15661.27734375,15633.4375,15148.537109375,17877.22265625,14939.7294921875,17097.498046875
330.0,-13.0,5.0,-11.0,-4.0,-13.0,-12.0,17.0,4.0,11872.6025390625,12520.4677734375,12060.2734375,12039.48046875,11665.904296875,13763.8525390625,11505.6142578125,13168.5478515625
331.0,-7.0,-3.0,-14.0,-5.0,17.0,-9.0,19.0,6.0,17246.771484375,18186.890625,17519.953125,17488.72265625,16943.89453125,19998.380859375,16712.185546875,19127.158203125
332.0,-13.0,0.0,-17.0,19.0,-10.0,-19.0,-1.0,2.0,15446.296875,16288.0185546875,15689.8193359375,15662.8916015625,15174.3671875,17906.14453125,14967.6279296875,17131.533203125
333.0,-14.0,-5.0,-15.0,-18.0,12.0,-5.0,-4.0,2.0,11958.23046875,12610.5048828125,12146.908203125,12126.2216796875,11749.0615234375,13863.091796875,11588.3134765625,13262.7978515625
334.0,-17.0,-20.0,-18.0,5.0,2.0,-4.0,10.0,6.0,18915.46875,19946.12890625,19215.904296875,19180.685546875,18583.189453125,21937.177734375,18328.974609375,20976.642578125
335.0,-5.0,-7.0,19.0,-20.0,-9.0,-16.0,9.0,3.0,15803.462890625,16664.890625,16053.91015625,16025.21484375,15526.2099609375,18324.560546875,15314.0078125,17526.59375
336.0,-19.0,-15.0,-8.0,14.0,-8.0,-12.0,-14.0,4.0,18840.2578125,19867.375,19139.1015625,19104.728515625,18509.640625,21848.513671875,18256.51171875,20894.025390625
337.0,10.0,7.0,-14.0,-8.0,-16.0,-20.0,-19.0,2.0,19344.71875,20398.53125,19651.103515625,19615.611328125,19004.00390625,22430.978515625,18745.125,21453.57421875
338.0,-4.0,-11.0,10.0,-10.0,-7.0,14.0,-2.0,4.0,18945.66015625,19976.90625,19245.9609375,19210.6484375,18608.52734375,21974.58984375,18356.26171875,21009.009765625
339.0,-18.0,-20.0,3.0,15.0,-10.0,-6.0,-20.0,6.0,17754.109375,18720.7265625,18035.19140625,18002.79296875,17438.87890625,20590.06640625,17202.267578125,19688.4140625
340.0,13.0,6.0,10.0,14.0,-13.0,-3.0,-6.0,5.0,14264.9267578125,15042.38671875,14482.068359375,14464.130859375,14011.6494140625,16498.830078125,13826.9375,15831.3466796875
341.0,9.0,2.0,-11.0,4.0,-2.0,0.0,16.0,6.0,17199.546875,18137.814453125,17473.310546875,17441.189453125,16899.814453125,19947.564453125,16666.962890625,19073.8671875
342.0,15.0,-18.0,9.0,20.0,-13.0,-8.0,1.0,2.0,16172.828125,17054.884765625,16428.3671875,16399.6328125,15890.4560546875,18748.796875,15672.6181640625,17937.55859375
343.0,-14.0,-14.0,-13.0,12.0,17.0,20.0,-2.0,6.0,18317.681640625,19314.9375,18609.3203125,18574.1796875,17993.71875,21249.611328125,17747.92578125,20311.931640625
344.0,-2.0,-5.0,9.0,-10.0,0.0,-17.0,-9.0,5.0,16447.1171875,17343.646484375,16707.19921875,16677.63671875,16157.947265625,19070.171875,15937.4052734375,18240.49609375
345.0,15.0,-16.0,-2.0,6.0,6.0,11.0,-6.0,6.0,18900.759765625,19931.18359375,19201.00390625,19166.123046875,18569.103515625,21918.658203125,18315.236328125,20961.103515625
346.0,-4.0,-4.0,1.0,10.0,-16.0,15.0,-7.0,5.0,19864.3828125,20947.421875,20180.03125,20143.43359375,19515.560546875,23037.865234375,19248.41796875,22029.443359375
347.0,-11.0,15.0,20.0,-4.0,-6.0,0.0,-13.0,6.0,13857.306640625,14613.3603515625,14076.6796875,14052.181640625,13616.3828125,16064.4404296875,13429.166015625,15369.642578125
348.0,-13.0,3.0,-6.0,-11.0,-8.0,15.0,-7.0,5.0,22063.17578125,23265.53515625,22413.361328125,22372.607421875,21674.62109375,25586.41796875,21378.861328125,24467.462890625
349.0,14.0,-11.0,-14.0,18.0,18.0,9.0,-8.0,4.0,19382.109375,20439.064453125,19688.666015625,19654.15234375,19042.75390625,22469.744140625,18782.828125,21496.91015625
350.0,10.0,19.0,-13.0,-18.0,3.0,10.0,-1.0,6.0,19434.37890625,20493.423828125,19743.3671875,19707.388671875,19093.455078125,22539.5859375,18831.90625,21551.80859375
351.0,18.0,-13.0,-1.0,19.0,7.0,-9.0,13.0,3.0,13920.470703125,14680.115234375,14141.6962890625,14116.3037109375,13678.966796875,16142.1806640625,13490.5302734375,15438.4853515625
352.0,11.0,8.0,-5.0,8.0,8.0,-9.0,-9.0,4.0,15210.52734375,16039.7919921875,15451.3505859375,15424.001953125,14943.65234375,17635.845703125,14739.599609375,16869.4296875
353.0,-2.0,-13.0,4.0,4.0,-10.0,5.0,20.0,6.0,20226.390625,21328.208984375,20547.611328125,20509.896484375,19870.365234375,23457.642578125,19598.935546875,22430.5078125
354.0,-11.0,-6.0,14.0,-20.0,13.0,17.0,7.0,5.0,18875.3046875,19903.755859375,19176.05859375,19140.337890625,18542.806640625,21895.625,18288.90625,20931.26953125
355.0,18.0,18.0,9.0,20.0,-2.0,-19.0,3.0,4.0,18340.005859375,19339.78515625,18631.654296875,18597.4375,18019.435546875,21270.84375,17771.89453125,20338.373046875
356.0,-4.0,14.0,-11.0,2.0,-10.0,10.0,-14.0,5.0,19157.603515625,20201.66796875,19460.69921875,19426.443359375,18820.703125,22212.126953125,18564.36328125,21247.109375
357.0,6.0,4.0,9.0,-3.0,5.0,-16.0,-7.0,3.0,13593.171875,14334.3291015625,13807.974609375,13784.2197265625,13355.078125,15759.49609375,13172.591796875,15076.171875
358.0,19.0,19.0,11.0,-11.0,2.0,17.0,2.0,5.0,14215.3095703125,14990.318359375,14439.13671875,14414.85546875,13965.453125,16478.310546875,13775.279296875,15766.7265625
359.0,-4.0,13.0,15.0,13.0,8.0,-13.0,16.0,4.0,12223.1494140625,12890.494140625,12416.7578125,12395.1865234375,12011.595703125,14170.0771484375,11845.87109375,13557.232421875
360.0,-1.0,-8.0,-1.0,-10.0,-9.0,0.0,12.0,2.0,19913.42578125,20998.109375,20230.00390625,20192.634765625,19562.451171875,23096.828125,19295.130859375,22082.615234375
361.0,-6.0,-13.0,7.0,-6.0,-7.0,-2.0,-13.0,3.0,15286.7978515625,16120.66796875,15529.369140625,15501.60546875,15020.505859375,17725.47265625,14813.9677734375,16953.775390625
362.0,-19.0,17.0,-9.0,16.0,2.0,6.0,-11.0,6.0,14050.298828125,14816.21875,14272.5859375,14247.609375,13803.7197265625,16290.00390625,13615.17578125,15582.6171875
363.0,-7.0,-12.0,-20.0,-15.0,-10.0,-2.0,-15.0,5.0,14414.1044921875,15200.259765625,14642.3818359375,14616.4814453125,14162.416015625,16711.615234375,13968.5009765625,15986.37109375
364.0,-13.0,-18.0,-13.0,-15.0,19.0,-17.0,-20.0,5.0,14570.64453125,15365.4150390625,14801.609375,14775.3486328125,14316.958984375,16892.76171875,14120.4931640625,16160.2705078125
365.0,3.0,20.0,2.0,17.0,-9.0,-14.0,9.0,3.0,13412.138671875,14143.3984375,13624.4189453125,13600.4453125,13177.28125,15549.724609375,12997.1220703125,14875.2548828125
366.0,0.0,8.0,3.0,13.0,-5.0,-6.0,12.0,2.0,11008.7509765625,11609.4033203125,11183.0732421875,11163.97265625,10817.099609375,12764.064453125,10668.328125,12209.845703125
367.0,-19.0,-19.0,9.0,-19.0,-16.0,-15.0,-19.0,2.0,17339.875,18285.73046875,17615.517578125,17583.595703125,17036.931640625,20108.935546875,16803.119140625,19230.021484375
368.0,-9.0,20.0,-10.0,-11.0,-1.0,20.0,-2.0,6.0,17623.744140625,18583.513671875,17902.630859375,17870.5546875,17311.501953125,20436.755859375,17076.5078125,19544.841796875
369.0,-8.0,0.0,12.0,8.0,11.0,18.0,-3.0,6.0,19924.810546875,21010.26171875,20241.53515625,20204.2890625,19573.779296875,23110.3046875,19306.3671875,22095.458984375
370.0,-15.0,-1.0,-11.0,-19.0,-11.0,-10.0,8.0,6.0,17122.4609375,18056.33984375,17394.697265625,17362.861328125,16823.65234375,19857.4140625,16592.23046875,18988.568359375
371.0,-14.0,16.0,0.0,15.0,-12.0,13.0,-10.0,2.0,18764.8359375,19787.708984375,19064.0390625,19028.322265625,18436.779296875,21765.220703125,18183.595703125,20808.80859375
372.0,-3.0,17.0,13.0,-18.0,-20.0,14.0,15.0,2.0,16165.5732421875,17046.89453125,16422.373046875,16392.53125,15882.6142578125,18748.240234375,15664.5732421875,17927.103515625
373.0,-6.0,14.0,-15.0,-13.0,-16.0,-10.0,11.0,4.0,18763.80078125,19786.6015625,19061.5390625,19026.955078125,18434.99609375,21760.28515625,18182.568359375,20808.986328125
374.0,-10.0,-19.0,8.0,13.0,-16.0,0.0,16.0,5.0,13778.4462890625,14530.6904296875,13998.0,13972.623046875,13541.0439453125,15978.1689453125,13353.6533203125,15280.88671875
375.0,20.0,-19.0,-5.0,-11.0,17.0,0.0,-1.0,3.0,17613.955078125,18573.96484375,17891.640625,17861.142578125,17304.3359375,20417.85546875,17068.802734375,19536.0703125
376.0,13.0,-3.0,-14.0,4.0,1.0,-4.0,-5.0,3.0,13167.1337890625,13885.55859375,13376.171875,13352.3837890625,12938.033203125,15266.84765625,12760.2763671875,14603.515625
377.0,-20.0,-16.0,-3.0,-19.0,9.0,-7.0,11.0,2.0,14672.1328125,15471.822265625,14895.4501953125,14876.94921875,14411.703125,16969.9609375,14221.7548828125,16282.98046875
378.0,15.0,-15.0,-1.0,15.0,-6.0,14.0,11.0,3.0,23571.384765625,24855.7421875,23946.9296875,23902.015625,23156.798828125,27341.17578125,22839.5546875,26138.853515625
379.0,-7.0,11.0,2.0,17.0,4.0,18.0,-8.0,3.0,21449.62890625,22618.84375,21790.775390625,21750.646484375,21073.26171875,24876.80859375,20784.814453125,23787.0078125
380.0,15.0,-19.0,11.0,7.0,-4.0,5.0,20.0,5.0,16013.4345703125,16886.888671875,16268.267578125,16238.6806640625,15734.6474609375,18572.900390625,15517.9599609375,17758.4921875
381.0,-17.0,19.0,1.0,5.0,6.0,16.0,-15.0,3.0,21438.30078125,22606.826171875,21778.59765625,21738.900390625,21061.689453125,24861.041015625,20773.994140625,23774.890625
382.0,-11.0,-2.0,11.0,-2.0,-19.0,-9.0,-16.0,4.0,16899.04296875,17821.361328125,17167.986328125,17136.85546875,16606.28515625,19597.21875,16376.8388671875,18741.802734375
383.0,19.0,10.0,18.0,-17.0,1.0,-10.0,-9.0,4.0,16282.966796875,17171.3125,16541.046875,16511.99609375,15999.912109375,18877.837890625,15780.1337890625,18059.552734375
384.0,-18.0,7.0,16.0,-19.0,-18.0,-2.0,-10.0,3.0,12995.8896484375,13705.0830078125,13202.72265625,13178.724609375,12770.498046875,15070.705078125,12594.72265625,14412.8818359375
385.0,-16.0,2.0,12.0,-16.0,3.0,15.0,6.0,5.0,19801.69921875,20881.369140625,20116.333984375,20079.8671875,19454.013671875,22964.79296875,19187.76953125,21960.0546875
386.0,-13.0,-9.0,3.0,5.0,-12.0,-12.0,11.0,6.0,17122.673828125,18056.7734375,17393.810546875,17363.060546875,16823.6640625,19852.447265625,16593.173828125,18990.744140625
387.0,-14.0,-15.0,-17.0,-2.0,0.0,-9.0,-13.0,5.0,18188.576171875,19180.505859375,18477.73828125,18443.841796875,17870.626953125,21093.900390625,17624.97265625,20170.73828125
388.0,-18.0,-1.0,-1.0,-11.0,-2.0,6.0,14.0,3.0,18032.62109375,19014.296875,18316.73828125,18284.904296875,17712.3828125,20904.30859375,17473.453125,19999.896484375
389.0,18.0,-5.0,16.0,-2.0,-6.0,-7.0,-7.0,2.0,18932.6953125,19965.0625,19232.591796875,19198.724609375,18601.0546875,21951.6484375,18346.443359375,20997.955078125
390.0,13.0,18.0,9.0,-11.0,-8.0,-19.0,12.0,4.0,12995.1748046875,13703.533203125,13200.396484375,13177.640625,12767.248046875,15066.5732421875,12592.8017578125,14412.603515625
391.0,17.0,2.0,1.0,-10.0,-3.0,0.0,-16.0,6.0,13720.275390625,14468.4931640625,13937.162109375,13913.0205078125,13480.8740234375,15905.7470703125,13296.033203125,15217.240234375
392.0,20.0,-10.0,-16.0,2.0,18.0,-9.0,-19.0,2.0,14487.693359375,15276.8564453125,14714.8408203125,14690.5908203125,14231.5869140625,16790.974609375,14039.091796875,16069.0283203125
393.0,-3.0,-14.0,-14.0,4.0,12.0,9.0,-6.0,5.0,15069.1298828125,15890.3154296875,15308.3115234375,15280.5244140625,14804.5283203125,17475.501953125,14602.146484375,16711.806640625
394.0,-7.0,-7.0,-2.0,0.0,-12.0,2.0,17.0,2.0,21368.5390625,22532.357421875,21707.55859375,21667.99609375,20990.8046875,24782.283203125,20704.876953125,23696.69921875
395.0,16.0,9.0,19.0,5.0,-4.0,14.0,11.0,6.0,19240.095703125,20287.986328125,19543.810546875,19509.484375,18899.482421875,22309.17578125,18642.77734375,21337.513671875
396.0,17.0,1.0,6.0,-20.0,7.0,-8.0,2.0,6.0,17595.166015625,18553.705078125,17874.5078125,17841.8515625,17285.064453125,20407.01171875,17049.23046875,19512.193359375
397.0,18.0,18.0,-18.0,6.0,2.0,-2.0,-1.0,6.0,14006.126953125,14769.474609375,14226.416015625,14202.419921875,13759.59765625,16235.3232421875,13572.3642578125,15534.75
398.0,-8.0,4.0,9.0,-18.0,5.0,5.0,16.0,2.0,19519.99609375,20583.80078125,19826.87890625,19793.55859375,19176.38671875,22623.42578125,18916.5078125,21651.2578125
399.0,9.0,3.0,-10.0,-1.0,-4.0,-15.0,11.0,5.0,15710.845703125,16567.3046875,15958.2861328125,15931.4423828125,15434.431640625,18211.1484375,15224.3740234375,17425.505859375
400.0,-20.0,-20.0,-7.0,14.0,-13.0,19.0,19.0,5.0,17898.181640625,18873.810546875,18184.140625,18149.576171875,17583.91796875,20763.275390625,17342.66796875,19847.224609375
401.0,14.0,17.0,-7.0,-6.0,0.0,-4.0,-7.0,4.0,13957.787109375,14718.484375,14176.5634765625,14153.5322265625,13712.2900390625,16173.94921875,13526.3056640625,15482.650390625
402.0,12.0,-4.0,6.0,-8.0,17.0,-11.0,4.0,3.0,14174.111328125,14948.32421875,14400.03125,14374.1220703125,13929.7158203125,16437.2734375,13736.7880859375,15720.017578125
403.0,-17.0,0.0,-9.0,-3.0,-7.0,-2.0,-11.0,4.0,20360.0859375,21469.130859375,20683.44921875,20645.40625,20001.546875,23612.826171875,19728.384765625,22578.640625
404.0,18.0,-10.0,-6.0,-20.0,13.0,1.0,-19.0,2.0,14011.7578125,14776.349609375,14235.1640625,14209.078125,13769.0400390625,16249.744140625,13579.08203125,15539.3310546875
405.0,4.0,-1.0,20.0,-6.0,16.0,-3.0,16.0,2.0,10413.2431640625,10981.5791015625,10578.7587890625,10559.912109375,10232.45703125,12075.9345703125,10091.2109375,11548.3447265625
406.0,-6.0,3.0,20.0,5.0,0.0,16.0,-5.0,4.0,18747.08203125,19768.072265625,19042.353515625,19009.384765625,18416.482421875,21731.828125,18166.138671875,20792.017578125
407.0,-14.0,-8.0,20.0,20.0,-13.0,-12.0,-10.0,2.0,15390.8408203125,16229.673828125,15631.9931640625,15606.626953125,15120.638671875,17834.12109375,14915.1630859375,17072.322265625
408.0,-19.0,8.0,11.0,-12.0,8.0,14.0,-11.0,4.0,17604.337890625,18562.798828125,17883.751953125,17850.982421875,17292.19921875,20418.9609375,17057.041015625,19521.583984375
409.0,-12.0,14.0,-1.0,20.0,-10.0,-12.0,-16.0,3.0,11590.8525390625,12223.3984375,11773.55078125,11753.6953125,11388.75390625,13435.3779296875,11232.693359375,12856.5146484375
410.0,0.0,20.0,-3.0,11.0,4.0,-8.0,5.0,4.0,11424.326171875,12047.0458984375,11605.07421875,11584.4033203125,11224.4765625,13247.548828125,11070.482421875,12669.927734375
411.0,-3.0,18.0,13.0,-5.0,2.0,-15.0,-9.0,5.0,15850.2939453125,16714.765625,16099.98046875,16073.177734375,15573.1923828125,18371.642578125,15360.39453125,17581.111328125
412.0,11.0,11.0,-16.0,16.0,-14.0,-15.0,15.0,6.0,14408.025390625,15193.5810546875,14635.3232421875,14610.125,14155.279296875,16700.978515625,13962.38671875,15980.384765625
413.0,-1.0,-18.0,-20.0,8.0,-18.0,-12.0,20.0,4.0,16987.734375,17913.84765625,17256.47265625,17226.2734375,16689.431640625,19697.068359375,16461.298828125,18840.408203125
414.0,20.0,15.0,-1.0,9.0,-10.0,8.0,-3.0,6.0,14956.501953125,15771.7421875,15193.8701171875,15166.259765625,14693.4931640625,17345.3125,14492.7666015625,16586.43359375
415.0,-17.0,17.0,-9.0,1.0,10.0,-15.0,-13.0,5.0,11447.3916015625,12072.2060546875,11629.236328125,11608.3916015625,11249.109375,13272.541015625,11094.0751953125,12696.0751953125
416.0,-7.0,17.0,-8.0,-3.0,12.0,-7.0,-2.0,2.0,15863.169921875,16727.828125,16113.30859375,16085.40234375,15585.171875,18388.94140625,15372.2900390625,17593.90625
417.0,16.0,0.0,-13.0,-5.0,-8.0,-2.0,4.0,4.0,15927.802734375,16795.423828125,16177.5908203125,16150.7705078125,15646.279296875,18457.373046875,15434.89453125,17667.5
418.0,-12.0,4.0,19.0,0.0,4.0,16.0,16.0,3.0,17408.546875,18356.765625,17684.486328125,17652.337890625,17100.32421875,20190.306640625,16867.732421875,19305.212890625
419.0,-10.0,-5.0,-12.0,-3.0,4.0,-14.0,6.0,5.0,14638.056640625,15435.673828125,14867.2119140625,14843.1513671875,14379.4736328125,16960.55859375,14185.724609375,16237.6396484375
420.0,-6.0,7.0,-12.0,-2.0,2.0,-10.0,3.0,3.0,14839.443359375,15649.44921875,15075.1962890625,15048.38671875,14581.9453125,17206.67578125,14381.0390625,16458.205078125
421.0,1.0,-9.0,14.0,7.0,2.0,-17.0,5.0,6.0,13478.62890625,14214.099609375,13692.650390625,13668.0908203125,13244.2626953125,15630.34765625,13061.8046875,14947.998046875
422.0,7.0,-15.0,-19.0,-17.0,4.0,-6.0,-12.0,6.0,13063.654296875,13776.0712890625,13269.6201171875,13247.1318359375,12834.732421875,15143.982421875,12659.4755859375,14489.1123046875
423.0,1.0,-11.0,15.0,-15.0,12.0,12.0,6.0,4.0,20081.513671875,21176.232421875,20401.091796875,20363.8515625,19728.65234375,23291.564453125,19458.8671875,22269.529296875
424.0,7.0,-3.0,-5.0,-7.0,-7.0,15.0,11.0,6.0,20412.0703125,21522.48046875,20735.619140625,20697.421875,20048.279296875,23675.19921875,19776.83203125,22634.888671875
425.0,-19.0,3.0,8.0,-13.0,-8.0,-2.0,15.0,6.0,16802.47265625,17718.767578125,17068.267578125,17038.41015625,16507.908203125,19480.478515625,16282.5234375,18635.07421875
426.0,-19.0,3.0,-11.0,12.0,17.0,-10.0,-19.0,4.0,15535.69140625,16381.8837890625,15780.8828125,15753.291015625,15262.1171875,18011.365234375,15054.3154296875,17230.189453125
427.0,9.0,8.0,8.0,-7.0,14.0,1.0,18.0,6.0,16409.240234375,17305.134765625,16671.583984375,16640.189453125,16124.8984375,19034.0078125,15901.7646484375,18197.083984375
428.0,-11.0,-12.0,6.0,-8.0,3.0,17.0,4.0,3.0,19625.87109375,20695.123046875,19936.443359375,19901.0,19280.16796875,22755.7578125,19017.681640625,21765.66015625
429.0,-13.0,7.0,-3.0,5.0,-7.0,-11.0,3.0,3.0,18267.783203125,19263.876953125,18556.302734375,18524.099609375,17947.95703125,21176.46875,17703.12890625,20261.291015625
430.0,-4.0,-3.0,-11.0,20.0,9.0,-6.0,8.0,2.0,15079.052734375,15901.26171875,15315.25,15290.3857421875,14814.6875,17472.5625,14613.5224609375,16726.61328125
431.0,1.0,-15.0,0.0,-16.0,11.0,6.0,-5.0,4.0,12548.474609375,13232.62109375,12744.9306640625,12723.98828125,12328.0185546875,14537.2978515625,12161.2392578125,13920.296875
432.0,19.0,-17.0,16.0,-19.0,-11.0,-3.0,-4.0,6.0,15082.7353515625,15905.8173828125,15322.95703125,15294.857421875,14821.115234375,17492.546875,14616.1591796875,16726.494140625
433.0,-16.0,-13.0,14.0,5.0,5.0,-2.0,-9.0,5.0,15435.58984375,16276.58203125,15678.4130859375,15651.68359375,15162.9072265625,17892.859375,14957.240234375,17119.783203125
434.0,-3.0,-15.0,-7.0,17.0,19.0,-7.0,17.0,5.0,11734.4951171875,12374.287109375,11920.2412109375,11899.525390625,11528.9287109375,13606.8466796875,11370.93359375,13014.1328125
435.0,-1.0,-5.0,-8.0,1.0,-2.0,-4.0,-18.0,2.0,17958.6015625,18936.21484375,18242.41796875,18209.75,17639.90234375,20823.779296875,17400.6484375,19916.34765625
436.0,10.0,10.0,-10.0,1.0,-15.0,15.0,-15.0,5.0,20112.271484375,21207.37890625,20430.4921875,20393.822265625,19754.9609375,23323.240234375,19487.19921875,22303.90234375
437.0,-11.0,1.0,-17.0,-13.0,10.0,20.0,5.0,6.0,21523.62109375,22695.82421875,21865.40625,21825.255859375,21143.16015625,24963.73828125,20855.02734375,23868.208984375
438.0,-17.0,11.0,17.0,4.0,-3.0,9.0,-13.0,3.0,19005.63671875,20040.12890625,19306.890625,19271.462890625,18667.412109375,22044.162109375,18414.365234375,21075.50390625
439.0,20.0,4.0,6.0,5.0,-17.0,-6.0,6.0,5.0,14815.7119140625,15623.642578125,15050.185546875,15023.6953125,14557.4599609375,17175.24609375,14358.2685546875,16432.53515625
440.0,-20.0,-9.0,-6.0,18.0,13.0,-6.0,18.0,2.0,12172.8671875,12836.3369140625,12365.4345703125,12343.4033203125,11959.333984375,14116.05078125,11795.68359375,13499.767578125
441.0,2.0,9.0,5.0,-17.0,-19.0,9.0,14.0,5.0,16650.673828125,17558.064453125,16914.123046875,16884.40625,16357.5927734375,19305.9609375,16134.6025390625,18466.6953125
442.0,14.0,-8.0,-19.0,12.0,-19.0,18.0,19.0,2.0,18420.5234375,19423.72265625,18710.681640625,18678.61328125,18094.00390625,21352.09375,17849.853515625,20430.890625
443.0,15.0,-12.0,9.0,-13.0,-4.0,9.0,13.0,3.0,19086.005859375,20126.91015625,19389.123046875,19354.22265625,18753.173828125,22131.64453125,18495.56640625,21166.96875
444.0,-19.0,8.0,13.0,19.0,-7.0,-6.0,-4.0,2.0,12146.1103515625,12808.5849609375,12339.0634765625,12316.810546875,11934.5732421875,14086.0341796875,11770.4423828125,13470.0078125
445.0,8.0,6.0,7.0,-4.0,17.0,17.0,4.0,2.0,18535.8828125,19545.625,18830.431640625,18795.45703125,18209.7734375,21497.03515625,17961.10546875,20555.376953125
446.0,3.0,-10.0,17.0,-17.0,-9.0,0.0,16.0,2.0,15151.703125,15977.1220703125,15390.9267578125,15364.13671875,14884.2548828125,17567.32421875,14681.6201171875,16803.966796875
447.0,-14.0,-19.0,-19.0,14.0,1.0,-4.0,10.0,4.0,15472.693359375,16315.35546875,15714.56640625,15689.4462890625,15198.06640625,17930.4453125,14993.0380859375,17162.408203125
448.0,-5.0,-7.0,13.0,20.0,4.0,-8.0,1.0,6.0,17041.705078125,17970.3046875,17309.138671875,17280.53515625,16741.43359375,19749.173828125,16514.974609375,18902.994140625
449.0,8.0,2.0,-2.0,-17.0,16.0,5.0,-5.0,3.0,14789.5478515625,15596.111328125,15023.48828125,14997.517578125,14531.5625,17146.49609375,14332.2421875,16403.125
