epochs,MAE,MRSTFT
0,0.001166614,0.008639154
1,0.042538434,0.326265521
2,0.047808476,0.215434559
3,0.09025356,0.78239445
4,0.000657839,0.00582581
5,0.106872454,0.309254441
6,0.11956748,1.053583361
7,0.1116233,0.423409201
8,0.03681064,0.222940093
9,0.076812886,0.217909183
10,0.15815417,1.331162766
11,0.007192254,0.046471245
12,0.15124589,0.422849976
13,0.043139614,0.351834815
14,0.047308177,0.184218567
15,0.27199513,2.343093961
16,0.50789875,4.318760931
17,0.070168786,0.45270133
18,0.09599536,0.612606008
19,0.08736726,0.708952881
20,0.15628101,1.418545142
21,0.019159837,0.179513321
22,0.21252063,1.809801295
23,0.038599253,0.145646933
24,0.14312035,0.581691846
25,0.021409608,0.163484184
26,0.037090924,0.146287695
27,0.023293037,0.08631954
28,0.003327662,0.031337576
29,0.12316126,0.351508331
30,0.12425702,0.435783327
31,0.050519057,0.452230969
32,0.100749865,0.265085388
33,0.068867885,0.202135513
34,0.14145143,0.466394894
35,0.019518564,0.082660793
36,0.029555034,0.076370368
37,0.08159822,0.429080598
38,0.044508286,0.298781464
39,0.048953597,0.246428439
40,0.08391226,0.335133102
41,0.00896933,0.066447148
42,0.16562533,0.940978765
43,0.008354499,0.046700206
44,0.047999866,0.191354634
45,0.046281174,0.123437569
46,0.18536277,1.13905368
47,0.07972577,0.361191515
48,0.022897815,0.092975404
49,0.116068214,0.33122896
50,0.025007334,0.101263904
51,0.22181772,2.133756652
52,0.11125558,1.146798164
53,0.04521759,0.388214733
54,0.08700594,0.856615972
55,0.046937324,0.275658637
56,0.10151865,0.658882927
57,0.002993549,0.019647664
58,0.05069944,0.131492719
59,0.09830246,0.514113367
60,0.11006535,0.568768565
61,0.16175668,1.287185222
62,0.08039732,0.220837731
63,0.010221992,0.062318047
64,0.023272278,0.100759048
65,0.057547096,0.197992681
66,0.09224276,0.399207663
67,0.034620516,0.291115316
68,0.07886157,0.341906585
69,0.09286063,0.318747982
70,0.089743495,0.848625712
71,0.067166455,0.50988631
72,0.06092821,0.200539662
73,0.03419004,0.249045517
74,0.023029996,0.121759512
75,0.1342212,0.935298137
76,0.018085718,0.088896065
77,0.079886995,0.670808554
78,0.06937608,0.225034468
79,0.015226143,0.115276162
80,0.11778986,0.72982914
81,0.157269,0.506403103
82,0.04045943,0.16078845
83,0.008501628,0.057578367
84,0.079531826,0.609649029
85,0.008767835,0.055204386
86,0.08448838,0.341566537
87,0.074246235,0.263663005
88,0.024411973,0.209019931
89,0.07623762,0.495491251
90,0.023134476,0.162809636
91,0.08530127,0.751887515
92,0.016243577,0.070633519
93,0.2061855,0.647312179
94,0.051007554,0.19509843
95,0.06696162,0.236729316
96,0.15805393,0.724220917
97,0.047659647,0.179963866
98,0.05796341,0.459481556
99,0.00868846,0.060504094
100,0.0695288,0.677982405
101,0.03619932,0.242271107
102,0.044472177,0.199597279
103,0.08415484,0.284364205
104,0.049588833,0.142409962
105,0.049033295,0.458428137
106,0.008383951,0.058091664
107,0.04076417,0.370029032
108,0.09947709,0.318445314
109,0.11411868,0.819332771
110,0.035621338,0.116233084
111,0.10075463,0.591407128
112,0.066287436,0.436006002
113,0.021815531,0.097696573
114,0.04627948,0.196058665
115,0.078476146,0.292604916
116,0.14258969,0.476652976
117,0.06425072,0.352121148
118,0.13192114,1.354806237
119,0.08271373,0.509831358
120,0.03505549,0.294435252
121,0.021067314,0.136760667
122,0.17527047,0.54577814
123,0.032868605,0.138491603
124,0.031407826,0.242520027
125,0.001615397,0.00652326
126,0.0943177,0.334944423
127,0.1034526,0.764156502
128,0.112944216,1.099051982
129,0.08740069,0.342128642
130,0.010405695,0.059326299
131,0.069866866,0.234858565
132,0.06987136,0.558598824
133,0.021908488,0.083374778
134,0.04122288,0.195882535
135,0.024662815,0.221415598
136,0.050479956,0.172812331
137,0.11008402,0.714415751
138,0.06663731,0.26822111
139,0.07033681,0.502738878
140,0.08659214,0.60653089
141,0.04739416,0.309404632
142,0.11179002,0.460259359
143,0.008261889,0.041980422
144,0.025587264,0.114577143
145,0.046597898,0.431735503
146,0.028847296,0.267638407
147,0.21916859,0.717625029
148,0.018766994,0.110516245
149,0.03435075,0.128778793
150,0.04734071,0.221960559
151,0.002389354,0.022895025
152,0.0857159,0.830696598
153,0.03154428,0.142664514
154,0.07237482,0.645455886
155,0.055160027,0.370875403
156,0.057747334,0.495019402
157,0.03436496,0.124642465
158,0.11656978,0.573310085
159,0.009103367,0.084680633
160,0.047258243,0.205659971
161,0.13221492,0.455428801
162,0.02044793,0.115547372
163,0.001832128,0.010324307
164,0.01788982,0.134033079
165,0.05214186,0.285384804
166,0.21935421,1.714498743
167,0.07208437,0.172568247
168,0.07705942,0.261666346
169,0.038201794,0.125507646
170,0.0593576,0.548768859
171,0.05065249,0.228896664
172,0.033964958,0.146547008
173,0.07289857,0.48534748
174,0.07598838,0.314903822
175,0.012441586,0.055015247
176,0.034590997,0.154925233
177,0.19122437,1.657914013
178,0.0867233,0.601192728
179,0.08560667,0.341781991
180,0.28759634,0.973217964
181,0.030605556,0.208059175
182,0.03842768,0.23310977
183,0.021852216,0.09851802
184,0.06732343,0.253220892
185,0.025746861,0.096899217
186,0.05322776,0.197341776
187,0.16113727,1.414840974
188,0.0653341,0.41666963
189,0.1476996,1.253375046
190,0.024401322,0.083827402
191,0.07749221,0.220217986
192,0.015025621,0.055689191
193,0.021745438,0.228610327
194,0.07854862,0.721844774
195,0.03551488,0.110785662
196,0.06577311,0.421264496
197,0.037147716,0.136981554
198,0.047360253,0.423859514
199,0.025308548,0.101329492
200,0.05613399,0.335740838
201,0.12889473,0.82417801
202,0.14436936,0.466032431
203,0.06127058,0.378506264
204,0.051950105,0.422250245
205,0.028024178,0.099097582
206,0.014394794,0.067663745
207,0.21156794,1.230649352
208,0.002843004,0.02577034
209,0.0662883,0.241544314
210,0.001001504,0.006470719
211,0.042893093,0.349482846
212,0.07241213,0.316770826
213,0.038541943,0.197704724
214,0.05574957,0.230334753
215,0.06375881,0.250339391
216,0.009119118,0.046996976
217,0.010084606,0.086604346
218,0.112290785,0.382152457
219,0.08554475,0.344461981
220,0.19189982,1.297654942
221,0.10095635,0.36242149
222,0.057636235,0.39076395
223,0.13087057,1.122278772
224,0.019886268,0.166999187
225,0.02327806,0.163950776
226,0.018327171,0.119421424
227,0.026718792,0.196062045
228,0.02754129,0.212904455
229,0.07969864,0.326538164
230,0.14562161,1.165113226
231,0.053887334,0.344970154
232,0.09461842,0.418099359
233,0.006214053,0.01869688
234,0.14610046,1.186192282
235,0.056050137,0.203102237
236,0.046273764,0.399803322
237,0.032361023,0.133748339
238,0.0678118,0.256608391
239,0.059157945,0.187442057
240,0.04990303,0.38505712
241,0.04188867,0.222451882
242,0.082119286,0.269619916
243,0.07034907,0.365894936
244,0.013200032,0.060880305
245,0.001910768,0.011286022
246,0.014088174,0.051211215
247,0.031410687,0.139544025
248,0.06321408,0.296404459
249,0.07950504,0.488996979
250,0.040524393,0.335324017
251,0.1072522,0.866182961
252,0.08112914,0.320156131
253,0.06942618,0.628750596
254,0.004882581,0.051037065
255,0.08405174,0.284360822
256,0.1099142,1.027862199
257,0.06577607,0.252577821
258,0.015493296,0.085051624
259,0.23119625,1.896657705
260,0.00125593,0.006299648
261,0.006730984,0.060580471
262,0.02049416,0.148631806
263,0.06461461,0.237374904
264,0.052759096,0.475622278
265,0.027164962,0.2645665
266,0.10091517,0.891681597
267,0.087437555,0.791079354
268,0.038923316,0.254791498
269,0.08005433,0.573675528
270,0.04924345,0.376581887
271,0.06158144,0.342187658
272,0.06361107,0.210097462
273,0.069243744,0.269029174
274,0.05450778,0.145853866
275,0.020119864,0.111196156
276,0.06747368,0.311989646
277,0.05783888,0.409369631
278,0.03666398,0.125926392
279,0.024045546,0.098965097
280,0.031903215,0.120322839
281,0.001473846,0.011245285
282,0.089732945,0.904264808
283,0.043849163,0.283533901
284,0.027724795,0.121516309
285,0.011245731,0.039664641
286,0.04405857,0.216116341
287,0.002265595,0.0138758
288,0.10897508,1.001004428
289,0.010426666,0.080845497
290,0.32115254,2.821969405
291,0.18677618,0.631624065
292,0.001183564,0.009112848
293,0.001720287,0.014922577
294,0.11290609,0.277454074
295,0.053473145,0.181922631
296,0.03318568,0.259241631
297,0.002453453,0.022061161
298,0.05664987,0.53527366
299,0.06170092,0.21640054
300,0.068188325,0.353778534
301,0.067867026,0.20832547
302,0.0913811,0.621680416
303,0.020268412,0.108120629
304,0.00051112,0.002669778
305,0.08234644,0.362482827
306,0.08274973,0.353735426
307,0.16130778,0.451785438
308,0.1406135,0.439423706
309,0.149998,1.268618099
310,0.019605435,0.204002405
311,0.015510175,0.150099649
312,0.020025367,0.185411351
313,0.08856443,0.713324983
314,0.098258935,0.332584284
315,0.09683202,0.613537665
316,0.13204892,0.451561891
317,0.124222614,0.671981357
318,0.19556545,1.444100976
319,0.03954349,0.294461336
320,0.10277769,0.706415966
321,0.016272696,0.143197428
322,0.024437249,0.080371832
323,0.028936861,0.296608465
324,0.03602956,0.126044824
325,0.1015615,0.780708931
326,0.036499895,0.223810602
327,0.050168537,0.197734667
328,0.045366433,0.279464988
329,0.08759599,0.240593281
330,0.07387156,0.60486386
331,0.089642495,0.421762392
332,0.1838334,1.215092883
333,0.024506936,0.180404019
334,0.017885199,0.115863231
335,0.058221173,0.344854748
336,0.048560333,0.16902486
337,0.079460226,0.391827993
338,0.013123772,0.049575903
339,0.04320201,0.228550844
340,0.14576787,1.177180544
341,0.060658075,0.176825345
342,0.030401327,0.210822171
343,0.002063536,0.008780473
344,0.105255514,0.407876048
345,0.06349141,0.450251933
346,0.008418267,0.035521268
347,0.17822996,1.734924123
348,0.00138285,0.007660501
349,0.20240822,1.216287963
350,0.002413546,0.015278834
351,0.105999075,1.085483529
352,0.024225784,0.078982069
353,0.13315915,1.168104455
354,0.0918633,0.878933158
355,0.08920452,0.986894622
356,0.031292576,0.202195143
357,0.12567304,0.718214437
358,0.055476308,0.405012123
359,0.019815205,0.096732025
360,0.022118542,0.084768661
361,0.019000014,0.135356747
362,0.048237965,0.472789586
363,0.03425023,0.112169365
364,0.097907916,0.812647458
365,0.09437617,0.888428815
366,0.07851491,0.284758564
367,0.027176032,0.135734966
368,0.00210274,0.008141926
369,0.10519686,0.321894357
370,0.069104835,0.333977308
371,0.13629013,1.293035172
372,0.014236903,0.126316965
373,0.033319,0.203831126
374,0.08642337,0.685350358
375,0.11777148,0.310439747
376,0.016710956,0.071325721
377,0.009367047,0.059789231
378,0.10746521,0.609910935
379,0.06177838,0.532454763
380,0.16903782,1.528683633
381,0.08897314,0.604381025
382,0.106439546,0.314038083
383,0.008728938,0.032098792
384,0.010031786,0.042059515
385,0.049515538,0.200664751
386,0.08368595,0.678117193
387,0.022371544,0.193487421
388,0.061891183,0.492265742
389,0.023855632,0.156555546
390,0.016476775,0.068455199
391,0.024470834,0.092263613
392,0.011868974,0.070716598
393,0.011370311,0.052038504
394,0.077242255,0.72153046
395,0.22931315,0.483553246
396,0.114929944,0.787526175
397,0.016940868,0.08495602
398,0.026909903,0.111633165
399,0.045633275,0.193427863
400,0.07233186,0.285104841
401,0.001186994,0.008438296
402,0.16634846,1.476225257
403,0.001364161,0.015618512
404,0.003565504,0.011769624
405,0.07133315,0.227155592
406,0.009769128,0.059200034
407,0.14115113,0.43158292
408,0.002847459,0.025168725
409,0.051386774,0.204969812
410,0.07878696,0.263371117
411,0.114025,0.977462232
412,0.12553458,0.588609457
413,0.033870813,0.222867709
414,0.056101665,0.200544063
415,0.001828868,0.012700016
416,0.019637952,0.111185018
417,0.19155505,1.455417596
418,0.03098986,0.106376288
419,0.08969165,0.412602019
420,0.07393097,0.341104383
421,0.020519085,0.10021717
422,0.05233337,0.285089387
423,0.023791214,0.147202976
424,0.087740086,0.929707125
425,0.07148577,0.52145084
426,0.006770948,0.030834029
427,0.06654409,0.569571394
428,0.06883786,0.266626744
429,0.07636413,0.302810151
430,0.012425118,0.055848275
431,0.061657567,0.209995111
432,0.021076975,0.116004621
433,0.036426265,0.324614847
434,0.11695888,1.003070854
435,0.009879538,0.048746194
436,0.03156034,0.146690791
437,0.021209762,0.151037984
438,0.009628922,0.068886947
439,0.102163345,0.899803448
440,0.25765747,1.957396165
441,0.037741695,0.111739461
442,0.07137821,0.2826223
443,0.029687436,0.299698975
444,0.16280603,1.398877874
445,0.023221692,0.16472924
446,0.004756708,0.016709051
447,0.067061864,0.338291787
448,0.1518962,1.595095262
449,0.004602499,0.022964081
450,0.115823224,0.80362533
451,0.059805885,0.370644379
452,0.04495152,0.255062938
453,0.20113693,2.218383446
454,0.018083159,0.090342593
455,0.09248476,0.742151592
456,0.040821407,0.422482092
457,0.027907854,0.139704431
458,0.12142891,1.201199189
459,0.10963931,0.555766426
460,0.13091575,1.046684012
461,0.09733499,0.644286234
462,0.039256137,0.119233546
463,0.026576595,0.119310422
464,0.05008875,0.18065579
465,0.002493225,0.01482528
466,0.1684262,0.493607514
467,0.047353383,0.257699909
468,0.003742979,0.015771259
469,0.05720562,0.300245846
470,0.046884663,0.118926201
471,0.091729864,0.301694497
472,0.0887855,0.337720808
473,0.05147516,0.259131236
474,0.07430532,0.716346737
475,0.03556531,0.275036024
476,0.001667431,0.012252231
477,0.04603068,0.2296825
478,0.008785629,0.037819858
479,0.002686685,0.019640615
480,0.046879377,0.37501443
481,0.10660968,0.31864588
482,0.014935466,0.168306941
483,0.014184129,0.082432921
484,0.16871126,0.462096922
485,0.10217031,0.337600756
486,0.018554127,0.086460656
487,0.15846512,1.002662614
488,0.011206811,0.088948132
489,0.03023691,0.095070887
490,0.1753179,1.202908546
491,0.08189212,0.558976557
492,0.030049844,0.165121628
493,0.107764415,0.791816637
494,0.012071496,0.132551013
495,0.102006026,0.302919451
496,0.027042607,0.252317645
497,0.006912285,0.038038774
498,0.26352608,2.261608034
499,0.028867185,0.150265771
500,0.033760052,0.119480873
501,0.09205946,0.398322448
502,0.094568774,0.335158389
503,0.015895301,0.059549771
504,0.0642136,0.33717528
505,0.042829588,0.150021622
506,0.029580088,0.24211942
507,0.013355176,0.079184995
508,0.075268924,0.282063022
509,0.029273773,0.129581363
510,0.055128653,0.385197613
511,0.029332612,0.134448298
512,0.000220982,0.00111553
513,0.10595455,0.383142948
514,0.054230053,0.26464634
515,0.17397684,1.148074023
516,0.03745097,0.142014641
517,0.02674681,0.186253672
518,0.053366646,0.172831198
519,0.14382671,1.220994212
520,0.11454834,0.496647846
521,0.027799496,0.086097228
522,0.015022718,0.070367425
523,0.00610158,0.050462924
524,0.005744575,0.024210156
525,0.041171547,0.126761133
526,0.024593683,0.129479155
527,0.04994968,0.17754812
528,0.13532628,1.085018821
529,0.070193276,0.559851553
530,0.012586903,0.097818429
531,0.076279834,0.302047953
532,0.033418305,0.134548646
533,0.09046248,0.868282586
534,0.054129913,0.28597521
535,0.035611875,0.205077006
536,0.032624513,0.231037818
537,0.014596123,0.08882959
538,0.041320007,0.215892877
539,0.022740426,0.088680355
540,0.060673557,0.23569637
541,0.044496417,0.410607662
542,0.08616266,0.683719054
543,0.011379823,0.030127538
544,0.08380868,0.77724456
545,0.034240242,0.272777518
546,0.034919847,0.147486789
547,0.08322896,0.570863415
548,0.0253935,0.098878432
549,0.018252864,0.130092008
550,0.0624965,0.451532055
551,0.046848208,0.279696502
552,0.01921967,0.147009991
553,0.026561076,0.09068705
554,0.009666255,0.030470717
555,0.016528208,0.085809032
556,0.060925305,0.252191059
557,0.007066202,0.054053653
558,0.11572143,0.918580495
559,0.123633645,0.827694215
560,0.03325222,0.278669164
561,0.05526337,0.192979185
562,0.026553981,0.112007917
563,0.032535344,0.276695969
564,0.001917623,0.010423618
565,0.03276166,0.073476651
566,0.049277928,0.213473788
567,0.005730884,0.027207103
568,0.049604096,0.264092226
569,0.028571466,0.085758289
570,0.042645518,0.282585993
571,0.06479436,0.653348606
572,0.039159086,0.241217438
573,0.050478894,0.207210468
574,0.11502532,0.452428833
575,0.037244134,0.154594125
576,0.018285412,0.190526445
577,0.02863452,0.155227687
578,0.16503607,0.563150004
579,0.017216101,0.079947642
580,0.14822389,1.350704134
581,0.30236205,2.143416286
582,0.0744085,0.318141475
583,0.12390651,0.507876456
584,0.12074973,1.002538078
585,0.060816612,0.397947179
586,0.08085347,0.358439218
587,0.11702011,0.753570557
588,0.025318421,0.091613353
589,0.090641156,0.648742288
590,0.07001488,0.196830846
591,0.06337615,0.255436745
592,0.002226255,0.019058109
593,0.001688913,0.006198531
594,0.00469079,0.021478692
595,0.08086787,0.353703501
596,0.019449135,0.158948228
597,0.1590242,1.471199475
598,0.044716544,0.167374358
599,0.10533482,0.26266725
600,0.084896095,0.220389027
601,0.030631794,0.306060649
602,0.011668779,0.076362688
603,0.014061093,0.068639183
604,0.07106043,0.617281161
605,0.036982328,0.327411015
606,0.06447804,0.33343216
607,0.008731795,0.046470918
608,0.03442704,0.125145017
609,0.015892517,0.145752403
610,0.0445177,0.18044604
611,0.036229037,0.130557714
612,0.07861726,0.236791672
613,0.0793363,0.33085395
614,0.085655764,0.310669601
615,0.022125475,0.117028398
616,0.05332675,0.194424553
617,0.25521138,2.108425498
618,0.040182065,0.308041282
619,0.054778267,0.203443205
620,0.10841224,0.885498583
621,0.007372668,0.029614985
622,0.0983584,0.874757677
623,0.084652685,0.247180603
624,0.12288829,0.652754687
625,0.003446179,0.013437666
626,0.07843881,0.546194922
627,0.074641556,0.562661454
628,0.012677447,0.043035564
629,0.11377405,1.184093051
630,0.03768083,0.182468612
631,0.058913816,0.198649915
632,0.19346352,1.438910045
633,0.08036419,0.561887473
634,0.043970797,0.152375037
635,0.072131775,0.391812339
636,0.025058983,0.187082325
637,0.15582037,0.465683203
638,0.0348292,0.310345458
639,0.08385119,0.264948338
640,0.013846882,0.049713615
641,0.07270584,0.255900877
642,0.018825188,0.116621965
643,0.10778636,0.50996352
644,0.010469645,0.084623384
645,0.028558454,0.178672942
646,0.22273317,1.884149447
647,0.0412592,0.248633292
648,0.036501523,0.142583694
649,0.15314615,1.002814971
650,0.055626832,0.488536559
651,0.06409918,0.198948605
652,0.010179854,0.079892587
653,0.010564445,0.07710201
654,0.004330252,0.020423627
655,0.03500341,0.131586765
656,0.047163997,0.187615555
657,0.015733244,0.094631636
658,0.038052984,0.169116955
659,0.003006096,0.02875271
660,0.04596575,0.291965786
661,0.2849184,1.256963134
662,0.06768793,0.566368125
663,0.03792421,0.143244842
664,0.002857635,0.009527821
665,0.009774607,0.094615613
666,0.004084714,0.011906115
667,0.014564904,0.090909754
668,0.024019375,0.226221969
669,0.12939122,0.733813196
670,0.001567566,0.008312618
671,0.0282753,0.222758157
672,0.13288248,0.4425162
673,0.047785666,0.321916338
674,0.084581785,0.316325396
675,0.036591634,0.30978352
676,0.013725817,0.051985358
677,0.039664477,0.222178167
678,0.039499998,0.19385476
679,0.11960488,0.829098493
680,0.14763084,0.449974358
681,0.004802848,0.04715653
682,0.08804096,0.402726024
683,0.03692617,0.322833544
684,0.09966717,0.290330496
685,0.001184014,0.007272856
686,0.15998745,1.097980678
687,0.12379182,0.589851554
688,0.0546003,0.281512788
689,0.16965264,1.572639465
690,0.15922078,1.213843115
691,0.011185288,0.048876
692,0.053051814,0.217847912
693,0.044372804,0.366495043
694,0.07273641,0.232417759
695,0.025576277,0.103802857
696,0.02087736,0.144166566
697,0.004782844,0.025171539
698,0.007165654,0.066493718
699,0.17047784,1.179066747
700,0.011012411,0.098076063
701,0.03656503,0.295219246
702,0.021874882,0.149575831
703,0.015877314,0.143334761
704,0.035780057,0.244197996
705,0.038006887,0.213670742
706,0.018931368,0.12326635
707,0.068405256,0.232380608
708,0.002473015,0.012921876
709,0.1017424,0.253184676
710,0.1788958,1.303769365
711,0.04595988,0.168152271
712,0.050518665,0.268198321
713,0.06581511,0.500646798
714,0.003073165,0.020834386
715,0.050081845,0.143243715
716,0.22004713,1.828486964
717,0.005120506,0.015271708
718,0.11597657,0.97842475
719,0.056405798,0.255582273
720,0.017031133,0.063797742
721,0.049969926,0.195937434
722,0.000841273,0.007446314
723,0.033210382,0.147774937
724,0.03388408,0.127216634
725,0.20532426,0.6789473
726,0.009905875,0.083610384
727,0.054710057,0.466339465
728,0.052992985,0.329528863
729,0.023005191,0.123169815
730,0.16138262,1.23999621
731,0.24256332,2.556070536
732,0.04709323,0.442875892
733,0.023304204,0.1074267
734,0.027467934,0.126589674
735,0.12666258,1.148107819
736,0.01194822,0.059917274
737,0.04233165,0.399231041
738,0.019998401,0.155616226
739,0.10996039,0.434151728
740,0.065407805,0.254555861
741,0.094556555,0.277214084
742,0.030063968,0.209516076
743,0.016937062,0.072203629
744,0.00595091,0.057434754
745,0.0472604,0.196300799
746,0.069975786,0.289498927
747,0.009247146,0.074291513
748,0.013287619,0.125247179
749,0.07598487,0.632563807
750,0.0607947,0.210856954
751,0.16640273,1.600898229
752,0.024196666,0.101215042
753,0.008469301,0.04463911
754,0.021348124,0.109510428
755,0.004897973,0.045450384
756,0.004759715,0.015734384
757,0.024598496,0.078666415
758,0.04419981,0.214028522
759,0.012187395,0.048767763
760,0.062079016,0.372824352
761,0.053971987,0.502902474
762,0.075788654,0.316550359
763,0.18242033,0.526902504
764,0.06502011,0.476626413
765,0.07397464,0.366046537
766,0.036048807,0.303320574
767,0.07529251,0.402301673
768,0.10999299,0.758223362
769,0.083990455,0.455747787
770,0.01850692,0.105929346
771,0.098574154,0.734358333
772,0.031943772,0.32185553
773,0.027686143,0.120540914
774,0.028788628,0.113941764
775,0.013397798,0.081422513
776,0.08386295,0.520183872
777,0.02129058,0.119222919
778,0.001253006,0.013443353
779,0.010914035,0.047203368
780,0.006296539,0.048206625
781,0.12418161,0.778616853
782,0.06301128,0.20440175
783,0.08439276,0.315207329
784,0.042031217,0.363525698
785,0.024224764,0.109029361
786,0.091580264,0.551695481
787,0.027479518,0.184602224
788,0.03746962,0.272646116
789,0.04774587,0.421606943
790,0.003098091,0.010734893
791,0.050533634,0.427293401
792,0.0192806,0.129761528
793,0.22688273,1.888715923
794,0.04818763,0.389079338
795,0.031735085,0.159262201
796,0.02015508,0.082596343
797,0.13329723,1.170953393
798,0.22499746,1.113438882
799,0.004629362,0.024257343
800,0.062149454,0.243030002
801,0.101207815,0.550912593
802,0.037478577,0.139974401
803,0.006296291,0.055932807
804,0.047846634,0.194962557
805,0.029275548,0.112965485
806,0.028808024,0.172085615
807,0.040232252,0.337786229
808,0.061312325,0.454105157
809,0.18199305,0.973370574
810,0.04837735,0.242147272
811,0.019736806,0.079102193
812,0.01018504,0.049049825
813,0.005508213,0.026427992
814,0.022098055,0.141963376
815,0.10620431,0.692613527
816,0.028777976,0.117815305
817,0.027407654,0.122107181
818,0.068711445,0.347251192
819,0.028294027,0.20365948
820,0.02757588,0.227152552
821,0.08927272,0.47375166
822,0.060145263,0.423882429
823,0.06497775,0.299954686
824,0.062055584,0.485255338
825,0.031141914,0.13131742
826,0.09055216,0.346301246
827,0.08628485,0.826376174
828,0.18184355,0.575900003
829,0.02193478,0.075434022
830,0.091182664,0.541449912
831,0.11396351,0.55036258
832,0.029813647,0.101928956
833,0.10936366,0.437215399
834,0.13350406,0.589682683
835,0.068226025,0.635909479
836,0.041301023,0.178079731
837,0.07355245,0.226705734
838,0.03260547,0.146068848
839,0.028519237,0.106000794
840,0.035145517,0.285174863
841,0.10939575,0.529031772
842,0.14685759,0.756115265
843,0.080975786,0.691750403
844,0.0549392,0.193464255
845,0.00144155,0.010387591
846,0.002351447,0.021884515
847,0.15127651,1.124980606
848,0.004000802,0.028795841
849,0.044075202,0.164764011
850,0.08786655,0.638741296
851,0.079237856,0.256327456
852,0.02980641,0.175860068
853,0.072484724,0.220003782
854,0.17331302,1.147093855
855,0.087016225,0.916592326
856,0.019162387,0.120215012
857,0.052721426,0.201078584
858,0.051031142,0.309848573
859,0.04482116,0.165235166
860,0.030312885,0.193306386
861,0.026982788,0.150479074
862,0.05448104,0.174114855
863,0.08067372,0.833614595
864,0.038365733,0.157139029
865,0.017976724,0.078673308
866,0.114824004,0.902856804
867,0.004499567,0.024157408
868,0.002077003,0.009109572
869,0.036636274,0.241933327
870,0.008354553,0.076941614
871,0.0135488,0.127701895
872,0.013664724,0.102016054
873,0.02407257,0.124447964
874,0.052191038,0.158182265
875,0.13186489,0.589150861
876,0.040909465,0.189350039
877,0.15593904,0.60020864
878,0.056912493,0.244264139
879,0.08133202,0.3800232
880,0.001493764,0.007586809
881,0.094992965,0.2754055
882,0.080227695,0.434884291
883,0.024938658,0.087120096
884,0.026819725,0.161553469
885,0.30555037,0.921222024
886,0.037860595,0.301499927
887,0.11613772,0.428469881
888,0.087666884,0.335360851
889,0.0555842,0.23101547
890,0.048682056,0.180791428
891,0.059289645,0.262861902
892,0.09797672,0.67035583
893,0.08542846,0.536631767
894,0.29518306,1.757341087
895,0.040346622,0.299838457
896,0.012374491,0.039344167
897,0.061661888,0.253542818
898,0.13817059,0.943307176
899,0.063695125,0.216310136
900,0.07841234,0.242183866
901,0.02776543,0.277508402
902,0.18194257,0.537352502
903,0.054066803,0.170387831
904,0.15712887,1.137907594
905,0.0720242,0.610713899
906,0.042536154,0.174617615
907,0.015812522,0.086767876
908,0.10451118,0.815327223
909,0.07669837,0.708162893
910,0.0806253,0.290984906
911,0.14778753,1.176459558
912,0.07484508,0.442972023
913,0.063859835,0.286071155
914,0.00088794,0.005671381
915,0.001502294,0.007062728
916,0.07382088,0.641037378
917,0.071249425,0.488137245
918,0.05259631,0.409334335
919,0.02688683,0.113921132
920,0.027771886,0.149063589
921,0.1329237,1.060974509
922,0.054381803,0.382724695
923,0.052461654,0.167173023
924,0.03687762,0.162425444
925,0.009436433,0.031297826
926,0.053467173,0.378838919
927,0.02334702,0.162110163
928,0.029460631,0.182490159
929,0.015920363,0.153088094
930,0.004379696,0.021086238
931,0.045485985,0.168075904
932,0.046496525,0.296620514
933,0.0624533,0.576889068
934,0.2543903,1.351547077
935,0.011884391,0.042835659
936,0.07227212,0.494386815
937,0.019755859,0.10365174
938,0.021040145,0.106360435
939,0.06438792,0.485970523
940,0.07332036,0.548099827
941,0.044803005,0.31998135
942,0.03761098,0.284725778
943,0.03252613,0.21705896
944,0.021675635,0.10158162
945,0.030932117,0.199447885
946,0.07419284,0.326089691
947,0.06428437,0.283307265
948,0.006158921,0.036253785
949,0.027731972,0.097052081
950,0.05979105,0.340109825
951,0.01368721,0.046452567
952,0.00199365,0.018813549
953,0.13184425,0.843398295
954,0.0773915,0.610865217
955,0.045090027,0.380755493
956,0.029098297,0.183339603
957,0.017078567,0.083830554
958,0.13206238,0.775411732
959,0.043002907,0.159348123
960,0.1593418,0.533999037
961,0.12335466,0.447851159
962,0.00120094,0.005760179
963,0.02618039,0.192483395
964,0.02274739,0.13590752
965,0.002519143,0.014501692
966,0.09687579,0.810877353
967,0.08730763,0.768688627
968,0.027367156,0.102087369
969,0.034293722,0.263644045
970,0.03561868,0.155792043
971,0.12355608,0.35829087
972,0.007154733,0.060598658
973,0.12325986,0.988356538
974,0.0581176,0.419983637
975,0.05852279,0.26560263
976,0.04018299,0.271524386
977,0.19754565,0.693963148
978,0.04166462,0.239763407
979,0.02458971,0.176108409
980,0.030836262,0.124454847
981,0.008136935,0.039377554
982,0.019954043,0.084159618
983,0.021177117,0.172094662
984,0.04476745,0.163719613
985,0.118112855,0.883204643
986,0.005921888,0.054929145
987,0.0837822,0.334973916
988,0.001207725,0.008189155
989,0.28229395,1.400639206
990,0.12594606,0.477608543
991,0.1272038,1.084838338
992,0.114453904,1.053070091
993,0.12509175,1.056052409
994,0.11314039,0.441991676
995,0.10204151,0.9051513
996,0.120879404,0.998204932
997,0.1485796,0.490815692
998,0.16467682,1.055454262
999,0.006094511,0.029544824
0,0.082247965,0.3803542219102382
1,0.082568094,0.6383765414357185
2,0.042926483,0.1504983901977539
3,0.067761585,0.3492963276803493
4,0.10587983,0.6347926780581474
5,0.064337686,0.1752204727381467
6,0.1027551,0.5081068798899651
7,0.08175529,0.2790460046380758
8,0.10155255,0.3008045256137848
9,0.03890179,0.1428387444466352
10,0.042799234,0.1833194009959697
11,0.09318319,0.3543954789638519
12,0.0028375431,0.0273102114442735
13,0.0015283033,0.0084454304305836
14,0.102610245,0.46055743470788
15,0.04609496,0.1823249496519565
16,0.0150565,0.125324759632349
17,0.06654519,0.5500883162021637
18,0.032115243,0.2234077416360378
19,0.006827604,0.0655604219064116
20,0.0047431826,0.0211815754882991
21,0.07198571,0.3684316352009773
22,0.067346856,0.6037017405033112
23,0.021066122,0.1390872159972787
24,0.07896125,0.7381846904754639
25,0.1503262,0.9643378630280496
26,0.055237826,0.2991038970649242
27,0.029051606,0.2062707897275686
28,0.07515612,0.5359281301498413
29,0.040507898,0.2369745187461376
30,0.055454418,0.3589958474040031
31,0.084440894,0.6430648528039455
32,0.046260968,0.3602813351899385
33,0.06290041,0.3131990395486355
34,0.02543131,0.2128522843122482
35,0.111508355,0.5684839449822903
36,0.085035,0.3136114329099655
37,0.08968037,0.6289552114903927
38,0.0956981,0.8036176338791847
39,0.022374455,0.094849782064557
40,0.008949082,0.0430095340125262
41,0.03731748,0.3091943990439176
42,0.17777845,0.5211436375975609
43,0.03020038,0.0988000323995947
44,0.17603938,1.633586883544922
45,0.01316117,0.0595910483971238
46,0.11200783,0.3502348512411117
47,0.020647492,0.0972814951092004
48,0.10956286,0.7413626685738564
49,0.0013665196,0.0066867074347101
50,0.0026145854,0.0133519080700352
51,0.0019623518,0.0186398946680128
52,0.032181624,0.0844036797061562
53,0.007275872,0.0215857764706015
54,0.023181753,0.0827640872448682
55,0.026024675,0.0896836882457137
56,0.02966551,0.1319108242169022
57,0.15018582,1.0506119802594185
58,0.0032427383,0.0129877558210864
59,0.04029572,0.3911712691187858
60,0.18001956,0.4330807700753212
61,0.038562924,0.1563507802784443
62,0.028699903,0.1031605685129761
63,0.19598697,1.1980321109294891
64,0.017204164,0.0569564444012939
65,0.015575773,0.0930967191234231
66,0.075252764,0.6383972950279713
67,0.028850226,0.2043527737259864
68,0.085502446,0.4547826610505581
69,0.0017893816,0.0159676210023462
70,0.03132681,0.1960240248590707
71,0.009417666,0.0336947243195027
72,0.08636439,0.5924498103559017
73,0.0022041046,0.0239897305145859
74,0.06275996,0.4859242625534534
75,0.15089922,1.112650454044342
76,0.02832843,0.1403841897845268
77,0.08784751,0.8698730766773224
78,0.06782818,0.4441832154989242
79,0.020557035,0.1269693253561854
80,0.0018621801,0.0058574341819621
81,0.0059064617,0.0354312253184616
82,0.07932966,0.2168141063302755
83,0.026493892,0.1045821914449334
84,0.11675746,0.4303738512098789
85,0.026938204,0.2795004919171333
86,0.04232082,0.1968856658786535
87,0.016623225,0.097215480171144
88,0.04257068,0.1879070792347192
89,0.10104465,0.3898789845407009
90,0.121000215,0.3499995432794094
91,0.035703953,0.1647228822112083
92,0.10268324,0.4436022713780403
93,0.05772497,0.1891894768923521
94,0.04907371,0.2305475827306509
95,0.049918216,0.1678818576037883
96,0.018786207,0.0533757149241864
97,0.08682349,0.4972055740654468
98,0.027941374,0.1424171207472682
99,0.05755608,0.3070394843816757
100,0.09539176,0.8340901248157024
101,0.063858025,0.2400319911539554
102,0.037179902,0.1128259245306253
103,0.017959164,0.076050347648561
104,0.0024296872,0.0121450509759597
105,0.045421742,0.366735365241766
106,0.0044634067,0.0281064624432474
107,0.0684007,0.2182011641561985
108,0.11945379,0.5725131630897522
109,0.079792075,0.314136978238821
110,0.12355641,0.5204601138830185
111,0.015388701,0.122112997341901
112,0.09878864,0.9900632426142691
113,0.12391237,1.0073065757751465
114,0.06054544,0.2589595504105091
115,0.035446037,0.142708608880639
116,0.0413105,0.4391764774918556
117,0.020078834,0.0744765382260084
118,0.047253165,0.1715193130075931
119,0.016786922,0.0565000805072486
120,0.12811975,0.5137940309941769
121,0.19717123,1.027135543525219
122,0.0048724706,0.0260762597899884
123,0.11922927,0.3418937437236309
124,0.074405424,0.6821352876722813
125,0.010229784,0.1173090157099068
126,0.003778454,0.0102415041765198
127,0.13088948,0.9171153903007508
128,0.08109922,0.3041477501392364
129,0.09082729,0.2517191618680954
130,0.0020707143,0.0126531163696199
131,0.037093703,0.3315650038421154
132,0.004101558,0.0360216994304209
133,0.06951523,0.2899201959371567
134,0.0020471604,0.0149886605795472
135,0.07511051,0.2407502047717571
136,0.008540796,0.0341415631119161
137,0.026313767,0.0625089006498456
138,0.0021189863,0.0076499056303873
139,0.057508495,0.2449117172509431
140,0.0027740865,0.0146838546497747
141,0.038545802,0.2873779647052288
142,0.087409146,0.6823569983243942
143,0.02807135,0.1052456432953476
144,0.12812889,0.3522611930966377
145,0.0422886,0.1968907341361045
146,0.003972372,0.0150317996740341
147,0.04947326,0.3851228449493646
148,0.07876942,0.7034106999635696
149,0.09581926,0.41930116340518
150,0.037820477,0.1283882614225149
151,0.06879847,0.2863004840910435
152,0.104067884,0.746289674192667
153,0.0840751,0.7046965472400188
154,0.05827311,0.1969788447022438
155,0.038761083,0.3530155401676893
156,0.0012400403,0.0059354849508963
157,0.13417779,0.3845598399639129
158,0.045632698,0.1350499503314495
159,0.02764715,0.0697380257770419
160,0.0044172113,0.0147051005624234
161,0.0189791,0.0544809838756918
162,0.074287504,0.3443596567958593
163,0.0043823104,0.0272166875656694
164,0.030115953,0.1740848049521446
165,0.056108546,0.4483159631490707
166,0.05141179,0.1558344662189483
167,0.03902604,0.2081287093460559
168,0.046319075,0.1725409999489784
169,0.049055576,0.3345074504613876
170,0.0024057678,0.0224043653579428
171,0.03525021,0.1402422143146395
172,0.03308626,0.2633404359221458
173,0.013470209,0.0534863425418734
174,0.002072432,0.0179717869032174
175,0.011771019,0.0503572062589228
176,0.12293423,0.8881648555397987
177,0.095791325,0.6763336770236492
178,0.3170228,0.8994339406490326
179,0.039944783,0.1595136551186442
180,0.07086626,0.5176543369889259
181,0.05132014,0.4526833035051822
182,0.025599051,0.1047904789447784
183,0.083659254,0.4594927802681923
184,0.06879182,0.6651306413114071
185,0.037959076,0.1376353465020656
186,0.06871053,0.2490780465304851
187,0.014547554,0.0633961297571659
188,0.057193466,0.2753993067890405
189,0.008926996,0.026101988973096
190,0.054406606,0.2284603621810674
191,0.027981406,0.0714523224160075
192,0.06493684,0.5308460518717766
193,0.04377541,0.2456889525055885
194,0.028808963,0.0946823302656412
195,0.048591383,0.2759069465100765
196,0.0064937863,0.0291571039706468
197,0.13068736,0.949782632291317
198,0.016420325,0.0583258145488798
199,0.087361135,0.2516411580145359
200,0.13315159,0.4583757072687149
201,0.14552338,0.8873543366789818
202,0.019602826,0.0760752004571259
203,0.15051307,1.0686460435390472
204,0.047262073,0.4284038580954075
205,0.035372794,0.1496793217957019
206,0.008302476,0.0528417949099093
207,0.0370421,0.2469946313649416
208,0.0064255088,0.0546278394758701
209,0.10640256,0.3533562608063221
210,0.0147317285,0.0895305909216404
211,0.051074937,0.4008516333997249
212,0.022971306,0.0905693550594151
213,0.0037203815,0.0413426272571086
214,0.023572167,0.2098286841064691
215,0.042324185,0.3135143984109163
216,0.032572392,0.0754238869994878
217,0.06535877,0.5291346050798893
218,0.109011,0.3173268847167492
219,0.04059984,0.2288647070527076
220,0.035501063,0.3223914466798305
221,0.017318929,0.1557806981727481
222,0.23789524,1.5597761422395706
223,0.021356834,0.0895232176408171
224,0.037808824,0.2869395706802606
225,0.018387055,0.1093330550938844
226,0.09126473,0.6964220255613327
227,0.09640815,0.6487883664667606
228,0.053267792,0.3265489358454942
229,0.15503375,0.4270117133855819
230,0.054547567,0.5032899044454098
231,0.010271843,0.0406741513870656
232,0.029500049,0.1170270144939422
233,0.02445226,0.1955772880464792
234,0.12076944,1.071829691529274
235,0.007528216,0.0439815665595233
236,0.1304951,0.93111140280962
237,0.028661415,0.212216692045331
238,0.025537966,0.1500825714319944
239,0.058852646,0.2881471998989582
240,0.13948524,0.4763362482190132
241,0.05380043,0.2231520488858223
242,0.045161616,0.1583053432404995
243,0.04359322,0.1823832429945469
244,0.068822354,0.5571266114711761
245,0.038987096,0.1154156578704714
246,0.0033120534,0.0362594027537852
247,0.0053262184,0.0285959900356829
248,0.04224886,0.4037675708532333
249,0.21493043,0.6610546708106995
250,0.10995401,0.3436218984425068
251,0.05819631,0.2381653450429439
252,0.08134338,0.7366107627749443
253,0.046916682,0.1525778584182262
254,0.034791365,0.1611307766288519
255,0.08629613,0.3460994251072407
256,0.004214971,0.0340059879235923
257,0.012936682,0.0424435958266258
258,0.113009065,0.985680066049099
259,0.061923295,0.3394962940365076
260,0.03188541,0.114318729378283
261,0.036548253,0.1281652292236685
262,0.039408866,0.1499807722866535
263,0.044155426,0.1790927369147539
264,0.0569974,0.2634608559310436
265,0.1411829,1.0790529400110245
266,0.08007034,0.4031744040548801
267,0.010143666,0.0357569120824337
268,0.18492712,1.4348480179905891
269,0.0011601502,0.00538389547728
270,0.030654982,0.1026512086391449
271,0.09623485,0.2489261031150818
272,0.06182116,0.4936515465378761
273,0.024781983,0.1188336135819554
274,0.04091097,0.2808240372687578
275,0.0416242,0.341963816434145
276,0.0073602106,0.0262304504867643
277,0.027609702,0.1438982728868723
278,0.03480536,0.1134884906932711
279,0.019088695,0.0564925544895231
280,0.016306505,0.049562242347747
281,0.22779194,1.4349841997027395
282,0.0085177235,0.0249935134779661
283,0.09218419,0.3587172292172909
284,0.13230197,1.2154432088136673
285,0.033035778,0.2704853862524032
286,0.076872244,0.2673241570591926
287,0.06451752,0.5203996933996677
288,0.059286088,0.3762353342026472
289,0.10225535,0.3584904596209526
290,0.042028826,0.2595985885709524
291,0.006691326,0.0985971223562955
292,0.02523307,0.1748900450766086
293,0.06996158,0.2406580187380314
294,0.0053962627,0.023080876795575
295,0.06644008,0.2667848821729421
296,0.072575904,0.5321443676948547
297,0.026824934,0.2255372544750571
298,0.008951758,0.0577710303477942
299,0.14606324,1.3386364057660105
0,0.04353544,0.4193301312625408
1,0.014277844,0.09111718088388443
2,0.0029354836,0.010268280922900885
3,0.11455057,0.35261884331703186
4,0.06449083,0.2656448744237423
5,0.035610836,0.10229905694723129
6,0.30947602,2.628570780158043
7,0.029457504,0.2714229356497526
8,0.11002527,0.748317688703537
9,0.1150114,0.9218907244503498
10,0.12831217,0.9402912184596062
11,0.11368054,0.31921226531267166
12,0.15680057,0.3755853697657585
13,0.06933529,0.31386488303542137
14,0.01656735,0.11519582942128181
15,0.07028638,0.19113725423812866
16,0.12081181,0.29644304141402245
17,0.118021734,0.818269245326519
18,0.029375,0.17997211404144764
19,0.03773525,0.11952710524201393
20,0.05156614,0.18243898637592793
21,0.023243519,0.061938331462442875
22,0.107583866,0.9304566085338593
23,0.003005469,0.02647488215006888
24,0.14539964,1.023645058274269
25,0.0025205533,0.008316456223838031
26,0.07486423,0.22159919515252113
27,0.03846209,0.2911623865365982
28,0.042006385,0.1769281793385744
29,0.09434362,0.7369484975934029
30,0.0165545,0.07366779912263155
31,0.040447257,0.16138048842549324
32,0.00365331,0.027607249561697245
33,0.056493957,0.25759521313011646
34,0.045141056,0.15585677325725555
35,0.011524718,0.05005265725776553
36,0.020318964,0.11116009391844273
37,0.049830224,0.33832835778594017
38,0.043070134,0.18682469800114632
39,0.05472217,0.2198183573782444
40,0.089900486,0.6512427255511284
41,0.039355986,0.16750099137425423
42,0.02239229,0.06955929566174746
43,0.14451051,0.6684705540537834
44,0.04464504,0.36196593195199966
45,0.034525853,0.14976643584668636
46,0.14728312,1.239594228565693
47,0.14868335,0.79619549959898
48,0.063320346,0.3746260739862919
49,0.0061954963,0.026562217390164733
50,0.033311132,0.13693260308355093
51,0.07054188,0.18426712416112423
52,0.006858738,0.017929775174707174
53,0.008342462,0.0550721506588161
54,0.043850906,0.12010443210601807
55,0.09847242,0.32916831597685814
56,0.0009612182,0.004967994871549308
57,0.08402011,0.8111014366149902
58,0.05743291,0.275318393483758
59,0.040168464,0.28422875702381134
60,0.051220268,0.16072422452270985
61,0.02942732,0.2202145755290985
62,0.07284006,0.3301443289965391
63,0.014701892,0.054955956526100636
64,0.0059548477,0.02368302340619266
65,0.008528898,0.05446425173431635
66,0.046192124,0.27029284089803696
67,0.06305292,0.22295578196644783
68,0.05971812,0.20694159343838692
69,0.0027337177,0.014409003779292107
70,0.07487841,0.6466525793075562
71,0.029015815,0.13525136560201645
72,0.14436136,1.2708887606859207
73,0.04787281,0.38502146303653717
74,0.043091334,0.3986135981976986
75,0.04259503,0.22953706234693527
76,0.0040545776,0.01863570651039481
77,0.02825082,0.2548716440796852
78,0.044807687,0.2145681045949459
79,0.022354236,0.17855727951973677
80,0.020494249,0.11209275759756565
81,0.0019733314,0.012182327918708324
82,0.064538926,0.29937465116381645
83,0.060000077,0.18533652275800705
84,0.07868542,0.3489382416009903
85,0.014627543,0.09111129865050316
86,0.05043634,0.3418244980275631
87,0.15052353,0.8057439774274826
88,0.05967999,0.2969749178737402
89,0.023263812,0.19599067326635122
90,0.014631159,0.1527098100632429
91,0.0218172,0.1265396075323224
92,0.0050016474,0.03868036065250635
93,0.01165066,0.05373699963092804
94,0.03356974,0.18717997148633003
95,0.12912896,0.32053516432642937
96,0.045784187,0.28944394551217556
97,0.024946585,0.18924964498728514
98,0.0014244317,0.007418212539050728
99,0.04186475,0.34833609126508236
100,0.035095695,0.13813320081681013
101,0.043678407,0.29605223052203655
102,0.028278004,0.1631675623357296
103,0.004537598,0.029326879419386387
104,0.03602559,0.2559403348714113
105,0.051828153,0.33814110048115253
106,0.041665025,0.22997751459479332
107,0.0026219238,0.013178401160985231
108,0.021031346,0.17160064913332462
109,0.016154602,0.09197631943970919
110,0.022258526,0.1292650792747736
111,0.0307224,0.10555971879512072
112,0.08353986,0.6813248693943024
113,0.0550296,0.23254168778657913
114,0.052987132,0.21378000266849995
115,0.0014143664,0.006139023287687451
116,0.13710308,0.41843611747026443
117,0.0018774997,0.015201384492684156
118,0.072719954,0.47723598033189774
119,0.053568266,0.4335334189236164
120,0.037748393,0.14551404118537903
121,0.06849712,0.716704472899437
122,0.08801973,0.19525045901536942
123,0.14976004,1.2916834503412247
124,0.033394463,0.13735139835625887
125,0.11106149,0.6108180694282055
126,0.05774276,0.15565537475049496
127,0.053281933,0.2351366262882948
128,0.07873651,0.27678051590919495
129,0.123534,0.9868186935782433
130,0.053607825,0.16121493838727474
131,0.035460755,0.2585654966533184
132,0.03828659,0.2997125219553709
133,0.06530053,0.15713406912982464
134,0.016045356,0.06733137043192983
135,0.016353138,0.07854288071393967
136,0.04356666,0.1737754363566637
137,0.04011956,0.23207317106425762
138,0.0021376302,0.01707810047082603
139,0.083016835,0.29606786742806435
140,0.007674212,0.04751258855685592
141,0.0062960265,0.04270391003228724
142,0.02173384,0.08469978719949722
143,0.0517305,0.1881271917372942
144,0.039022252,0.27430741861462593
145,0.004353346,0.03210508427582681
146,0.029640727,0.1248015621677041
147,0.111871734,0.40338385105133057
148,0.012287449,0.07854831963777542
149,0.1094392,0.9354318231344223
150,0.080066435,0.30400582402944565
151,0.0374279,0.3552420325577259
152,0.04397927,0.2696636077016592
153,0.061242156,0.20029007643461227
154,0.07488373,0.28326527401804924
155,0.012301898,0.03932282142341137
156,0.097091414,0.26270874962210655
157,0.13821964,0.39979805797338486
158,0.0345627,0.26962319016456604
159,0.038205687,0.11554699577391148
160,0.048213173,0.2770927418023348
161,0.15240636,1.1724518164992332
162,0.0652963,0.18036683462560177
163,0.04304979,0.31215281412005424
164,0.035444975,0.1479988293722272
165,0.11329984,0.41667385771870613
166,0.07829491,0.4467771779745817
167,0.06605226,0.34585096687078476
168,0.02258485,0.14730724040418863
169,0.06732515,0.29388407431542873
170,0.044989284,0.15634496696293354
171,0.13263781,1.0938669964671135
172,0.014186018,0.09970633033663034
173,0.0838211,0.24108270183205605
174,0.043005865,0.1148221418261528
175,0.037260447,0.1221639085561037
176,0.042489313,0.20043844170868397
177,0.03546034,0.10774542950093746
178,0.059003204,0.5814644396305084
179,0.09240694,0.2923528254032135
180,0.05703586,0.1943946722894907
181,0.026880054,0.14701792784035206
182,0.021585394,0.11194525565952063
183,0.06627993,0.25375342555344105
184,0.04665351,0.19820914044976234
185,0.009014239,0.045390560291707516
186,0.056864675,0.327044066041708
187,0.04410595,0.19950093887746334
188,0.040694933,0.24359632469713688
189,0.1032373,0.5316301099956036
190,0.039492946,0.29602733068168163
191,0.03952094,0.16370623745024204
192,0.03928386,0.1468147449195385
193,0.0050770906,0.04014432244002819
194,0.087227665,0.2853499874472618
195,0.07534196,0.23127763345837593
196,0.008414685,0.07291335612535477
197,0.04797078,0.29878357611596584
198,0.039521754,0.15155446715652943
199,0.085113525,0.25140300020575523
200,0.044470657,0.1890967544168234
201,0.029915523,0.21321743540465832
202,0.112150796,0.26821913197636604
203,0.046883192,0.39212048053741455
204,0.043375082,0.2422294281423092
205,0.037789553,0.24738350696861744
206,0.039538145,0.20872159861028194
207,0.027329644,0.13300587330013514
208,0.016393425,0.06036372808739543
209,0.075591356,0.33996129781007767
210,0.061103087,0.18869252875447273
211,0.08067526,0.40473780781030655
212,0.04098901,0.13136667758226395
213,0.0009212278,0.00460111687425524
214,0.07961689,0.4053725190460682
215,0.025053447,0.11549914628267288
216,0.061488625,0.3296010438352823
217,0.016447408,0.08608383033424616
218,0.036487784,0.14589844457805157
219,0.016984602,0.17212763708084822
220,0.03123192,0.2593628726899624
221,0.0025836038,0.011796149890869856
222,0.021705285,0.12398666422814131
223,0.06662844,0.5505775846540928
224,0.0018782788,0.014983663568273187
225,0.05579394,0.1534526515752077
226,0.017636517,0.04886823846027255
227,0.004819647,0.021764735458418727
228,0.31089935,2.166999042034149
229,0.0013247165,0.0057138968841172755
230,0.045841895,0.28758430294692516
231,0.0126440255,0.0396664054132998
232,0.0010003457,0.006255052518099546
233,0.07495623,0.31742553412914276
234,0.0010487856,0.006562350143212825
235,0.029354947,0.25028768740594387
236,0.016717624,0.09889382123947144
237,0.011963372,0.04921582480892539
238,0.023364332,0.09868026431649923
239,0.050209217,0.3490264546126127
240,0.16348091,0.5231800451874733
241,0.029190328,0.15754030738025904
242,0.016619556,0.12440662365406752
243,0.09069578,0.7697069644927979
244,0.012597914,0.08726806938648224
245,0.05899566,0.19383177161216736
246,0.057677586,0.19240481220185757
247,0.017097855,0.14422234427183867
248,0.006960187,0.04112979560159147
249,0.13594045,0.4686881713569164
250,0.044516943,0.291322311386466
251,0.3260688,1.7139376550912857
252,0.063404806,0.581568568944931
253,0.029898297,0.19231778383255005
254,0.03470591,0.18140645511448383
255,0.021627303,0.13047610502690077
256,0.10245339,0.4488951861858368
257,0.0024007852,0.01996401895303279
258,0.028780527,0.1015782356262207
259,0.04185849,0.16462574899196625
260,0.047478966,0.2506524082273245
261,0.043625902,0.14738175831735134
262,0.014355933,0.11249815300107002
263,0.022345237,0.13781379908323288
264,0.016123371,0.10186409205198288
265,0.0054666502,0.04000042728148401
266,0.06589797,0.1962992362678051
267,0.0426361,0.1112264608964324
268,0.09315867,1.0075924545526505
269,0.09426487,0.23259282484650612
270,0.04472483,0.30884858779609203
271,0.024513943,0.1362983463332057
272,0.013603991,0.08923005033284426
273,0.09952421,0.3929450586438179
274,0.016705852,0.16096612438559532
275,0.067594215,0.31367385387420654
276,0.042851366,0.2859113160520792
277,0.076154456,0.2501901723444462
278,0.016951848,0.07498493511229753
279,0.04274069,0.28601353242993355
280,0.049965743,0.18886359222233295
281,0.03999379,0.26522731594741344
282,0.053823553,0.2898868229240179
283,0.07213121,0.21830753982067108
284,0.0711313,0.1856626607477665
285,0.007369855,0.039539906196296215
286,0.0920316,0.8288301192224026
287,0.09240009,0.2536330930888653
288,0.09009469,0.21543745324015617
289,0.060520116,0.618266224861145
290,0.031820513,0.2488415688276291
291,0.041129537,0.25166531652212143
292,0.021879634,0.11020797491073608
293,0.07331485,0.22893875651061535
294,0.037294757,0.1725438293069601
295,0.025085313,0.20075044967234135
296,0.14489534,1.1001277975738049
297,0.107756905,0.740556750446558
298,0.02214562,0.1091813137754798
299,0.10090404,0.430634219199419
300,0.004435281,0.0384370859246701
301,0.06773332,0.34445169009268284
302,0.28132713,1.3490527719259262
303,0.033082154,0.15636405255645514
304,0.025977332,0.13731324765831232
305,0.026082749,0.1688306014984846
306,0.10194572,0.6503373645246029
307,0.025292214,0.13724922481924295
308,0.06544583,0.2850926388055086
309,0.040981803,0.13276033475995064
310,0.08535228,0.26769164204597473
311,0.0320264,0.21190449874848127
312,0.049436547,0.14300033450126648
313,0.10452296,0.2968709245324135
314,0.009713396,0.05839105090126395
315,0.0014284347,0.006051988690160215
316,0.023346417,0.16464789118617773
317,0.0621734,0.28643424063920975
318,0.021292698,0.0725373737514019
319,0.04730896,0.1547138448804617
320,0.04382976,0.3159261830151081
321,0.016768482,0.12233541999012232
322,0.009161097,0.08038333430886269
323,0.09908838,0.7560490816831589
324,0.051544413,0.5171992294490337
325,0.08154716,0.7755241878330708
326,0.010589059,0.05736643681302667
327,0.102794036,0.6043195575475693
328,0.027215589,0.1871778191998601
329,0.103327796,0.46182215586304665
330,0.051446937,0.4217347800731659
331,0.017638557,0.0841833297163248
332,0.065759964,0.25749729201197624
333,0.10725775,0.34682588651776314
334,0.010570501,0.05828276602551341
335,0.008582652,0.044826036086305976
336,0.08377,0.32914194092154503
337,0.025249813,0.19583163876086473
338,0.029973589,0.20872068125754595
339,0.028115988,0.13493938744068146
340,0.030016689,0.2783765010535717
341,0.019358726,0.08010266767814755
342,0.015509629,0.09574706666171551
343,0.0716989,0.47306184098124504
344,0.14859912,1.0964635536074638
345,0.029906768,0.21227485314011574
346,0.07857191,0.2247005607932806
347,0.026860641,0.22307098843157291
348,0.048017386,0.3185919988900423
349,0.016210882,0.08989958744496107
350,0.20191537,0.511188879609108
351,0.002557953,0.021458565955981612
352,0.009245564,0.040766187477856874
353,0.013653382,0.1278667813166976
354,0.029448312,0.1689648237079382
355,0.060046833,0.2083772961050272
356,0.011972544,0.11156802903860807
357,0.03547272,0.13267368264496326
358,0.024704041,0.19960632547736168
359,0.033540066,0.2638795655220747
360,0.21445712,1.4107458293437958
361,0.038018186,0.2575406823307276
362,0.011832137,0.0708088013343513
363,0.03289721,0.10796964168548584
364,0.05706847,0.18925081193447113
365,0.08962782,0.638587199151516
366,0.058094535,0.5841031856834888
367,0.02643559,0.13640670850872993
368,0.030857358,0.21244920045137405
369,0.0618932,0.22698628529906273
370,0.02299937,0.09074701322242618
371,0.0056972867,0.046330508310347795
372,0.037953958,0.27833837270736694
373,0.01601198,0.09432610869407654
374,0.09791982,0.6584413200616837
375,0.003119044,0.019489616388455033
376,0.024364075,0.19434402137994766
377,0.040593907,0.14710400998592377
378,0.054294765,0.20226084999740124
379,0.14191784,1.2160558998584747
380,0.119943954,0.9497815519571304
381,0.01645567,0.08673790283501148
382,0.07746241,0.6348652318120003
383,0.024396954,0.09154245816171169
384,0.07137915,0.325831513851881
385,0.056653466,0.16081998124718666
386,0.042472452,0.10892440378665924
387,0.021931471,0.18011695984750986
388,0.019496448,0.09703617356717587
389,0.103043586,0.2778058312833309
390,0.04423602,0.16486535407602787
391,0.022462897,0.16695822309702635
392,0.07011898,0.25881298817694187
393,0.1003418,0.356167946010828
394,0.112454005,0.3632807247340679
395,0.039550014,0.13388734683394432
396,0.04989424,0.19715729728341103
397,0.05861183,0.14041387289762497
398,0.038348477,0.18625256046652794
399,0.077068195,0.466216079890728
400,0.047536876,0.14123406633734703
401,0.07963053,0.37597277760505676
402,0.040357556,0.2956756129860878
403,0.02140329,0.1476204814389348
404,0.06284343,0.49068908765912056
405,0.06100048,0.4605812653899193
406,0.019798499,0.18431957438588142
407,0.16703507,0.41312189400196075
408,0.05142609,0.2511326465755701
409,0.0031733597,0.017429987899959087
410,0.02130175,0.08263190649449825
411,0.0015807394,0.007656187342945486
412,0.03923723,0.32976073026657104
413,0.034249436,0.23738473281264305
414,0.10175973,0.3365277498960495
415,0.05208769,0.30282184295356274
416,0.103385575,0.5155304111540318
417,0.0016824496,0.008538870024494827
418,0.06323239,0.3052838798612356
419,0.054094218,0.26086551882326603
420,0.028383898,0.2037312313914299
421,0.11345523,0.29763226583600044
422,0.10680167,0.2542679198086262
423,0.015424649,0.1104523641988635
424,0.016448084,0.10683142114430666
425,0.039511207,0.23193521052598953
426,0.060800064,0.3016176614910364
427,0.018217025,0.1259585041552782
428,0.037906345,0.07608703710138798
429,0.23062171,2.0026694387197495
430,0.15510839,1.664658322930336
431,0.014550554,0.0636772783473134
432,0.040983107,0.25602790527045727
433,0.04093685,0.15029608085751534
434,0.1215741,0.35780585929751396
435,0.048491906,0.26858250610530376
436,0.05260485,0.31856351904571056
437,0.03767951,0.38208658434450626
438,0.03423155,0.16567209642380476
439,0.015939252,0.05008851597085595
440,0.0856963,0.6072106808423996
441,0.058666904,0.15412723273038864
442,0.030476546,0.2364188116043806
443,0.06674156,0.31366530805826187
444,0.039315578,0.3280667793005705
445,0.05205863,0.3235265649855137
446,0.08299843,0.27420083433389664
447,0.057399873,0.318084254860878
448,0.022023931,0.18008412141352892
449,0.009323596,0.039641486713662744
450,0.020554334,0.06516913697123528
451,0.050069824,0.22309214621782303
452,0.06514595,0.5648523010313511
453,0.23595737,1.2687075585126877
454,0.046830766,0.16900303028523922
455,0.008894884,0.04375894111581147
456,0.020859746,0.1509624533355236
457,0.14368276,1.0669952183961868
458,0.05879502,0.24693449400365353
459,0.041542277,0.1391756534576416
460,0.038616404,0.1264885887503624
461,0.01938447,0.13178829848766327
462,0.025855858,0.08764584548771381
463,0.03891883,0.33364204317331314
464,0.025981832,0.1895572915673256
465,0.024261335,0.05839201621711254
466,0.019468961,0.07411339040845633
467,0.04515331,0.29564634896814823
468,0.017602606,0.05491747707128525
469,0.21379201,2.0033591836690903
470,0.020737799,0.14854674972593784
471,0.045173004,0.321149118244648
472,0.05957581,0.2254688162356615
473,0.17475353,1.36001368612051
474,0.026381355,0.11879500653594732
475,0.029684821,0.10696813277900219
476,0.0802056,0.20125896483659744
477,0.032601252,0.23664908856153488
478,0.045582794,0.1397552266716957
479,0.069945455,0.284554623067379
480,0.07782638,0.2563316263258457
481,0.09079125,0.3892366513609886
482,0.035689816,0.26141535118222237
483,0.026091933,0.1411164002493024
484,0.16249569,0.8288764357566833
485,0.050957445,0.19516923371702433
486,0.04785712,0.1811732891947031
487,0.0041313292,0.019133338006213307
488,0.0070026563,0.039908324368298054
489,0.021288265,0.10615207441151142
490,0.03555687,0.22923380322754383
491,0.020940045,0.08136314060539007
492,0.043169707,0.21689780801534653
493,0.06633916,0.22254428826272488
494,0.048725646,0.12396877072751522
495,0.027908748,0.20634725689888
496,0.03479284,0.16969208419322968
497,0.04331033,0.14098921231925488
498,0.05046613,0.42479725927114487
499,0.03305653,0.17307666689157486
500,0.08523465,0.8128813654184341
501,0.059760593,0.2601383551955223
502,0.03077932,0.11548645701259375
503,0.044382695,0.12155201472342014
504,0.12220456,1.123763531446457
505,0.07015697,0.3480987399816513
506,0.048175965,0.1716320402920246
507,0.1378911,1.2081693187355995
508,0.08637331,0.6218098104000092
509,0.18809998,1.5408427864313126
510,0.03084469,0.07929711695760489
511,0.13377617,0.38477907702326775
512,0.015601924,0.13038637395948172
513,0.062756866,0.2548381928354502
514,0.019343793,0.09789347928017378
515,0.102007255,0.41134440526366234
516,0.18083875,0.5980368927121162
517,0.05719851,0.2132945992052555
518,0.029393014,0.1306514823809266
519,0.023668371,0.13788346014916897
520,0.011911102,0.10080465860664845
521,0.08227697,0.5264119543135166
522,0.01297101,0.09021824551746249
523,0.038239364,0.13027462735772133
524,0.036502928,0.16132507473230362
525,0.013114436,0.11439867364242673
526,0.037934806,0.1721120085567236
527,0.008483336,0.05036585545167327
528,0.0218246,0.16822302713990211
529,0.050950028,0.3872252330183983
530,0.02613174,0.14246586058288813
531,0.05750264,0.22475646063685417
532,0.04446601,0.15038620959967375
533,0.087605216,0.7690952941775322
534,0.032745328,0.22768520563840866
535,0.12747754,0.3775023780763149
536,0.043208435,0.16605417989194393
537,0.19846177,2.0867602229118347
538,0.0038956425,0.023051331867463887
539,0.0021590476,0.0123878822196275
540,0.04275565,0.29161720536649227
541,0.021448413,0.09139311593025923
542,0.17394634,1.3257132470607758
543,0.022273885,0.15891042910516262
544,0.04003594,0.15898270439356565
545,0.07253812,0.5760388448834419
546,0.10341332,0.9932704567909241
547,0.023493763,0.16394418757408857
548,0.030488642,0.2126289512962103
549,0.14955874,1.394783854484558
550,0.038159154,0.2803528495132923
551,0.056495238,0.2037654984742403
552,0.03488176,0.16413374803960323
553,0.020347439,0.18023991957306862
554,0.018702189,0.11002813465893269
555,0.12948564,0.9176989272236824
556,0.001292808,0.003663210663944483
557,0.022562988,0.13648718874901533
558,0.06332805,0.3827933110296726
559,0.018221755,0.1299560209736228
560,0.031588484,0.15635374002158642
561,0.03498247,0.13452769815921783
562,0.04677012,0.12103510461747646
563,0.014465049,0.06841400358825922
564,0.007509989,0.06381411897018552
565,0.03631458,0.16795562766492367
566,0.11185622,0.39010996371507645
567,0.07054094,0.1996325496584177
568,0.033067375,0.2915350776165724
569,0.013487748,0.11310589499771595
570,0.024777528,0.10373068414628506
571,0.02211443,0.20877552963793278
572,0.095467456,0.358704324811697
573,0.09551576,0.651366401463747
574,0.030133259,0.13029101863503456
575,0.053956334,0.21361063607037067
576,0.04126135,0.10102667845785618
577,0.06693845,0.23059367202222347
578,0.0047303606,0.03556559723801911
579,0.00754299,0.05335052311420441
580,0.003988117,0.03333798795938492
581,0.05813905,0.2595756556838751
582,0.03527196,0.10637547634541988
583,0.1953118,1.8099151998758316
584,0.007882055,0.027097209356725216
585,0.11866408,0.671691507101059
586,0.15178016,1.1797555014491081
587,0.0054695364,0.02857173583470285
588,0.012529923,0.06375857442617416
589,0.011247764,0.08725886140018702
590,0.024575766,0.1203929353505373
591,0.08650645,0.8397859074175358
592,0.06768017,0.3275209628045559
593,0.035095144,0.18904940597712994
594,0.017135387,0.08990692347288132
595,0.0022513256,0.014978814986534417
596,0.07923622,0.4219578541815281
597,0.0022635239,0.00813702872255817
598,0.04186638,0.34164241701364517
599,0.0031260645,0.032516511622816324
600,0.041549318,0.15829416550695896
601,0.02818283,0.14542767219245434
602,0.04458969,0.33740190230309963
603,0.08242494,0.36809067055583
604,0.038812835,0.2576818987727165
605,0.054120474,0.2065017782151699
606,0.04073718,0.3950954917818308
607,0.003762974,0.03846653620712459
608,0.026945313,0.10059623327106237
609,0.093408905,0.4693799950182438
610,0.17595132,0.4590415991842747
611,0.02253471,0.12239844258874655
612,0.07754467,0.29083769768476486
613,0.07998458,0.4063345231115818
614,0.035016987,0.10178789123892784
615,0.00399535,0.037070855032652617
616,0.04278455,0.2943112291395664
617,0.02687577,0.21321500092744827
618,0.03868429,0.383730698376894
619,0.11027323,0.3476806990802288
620,0.12645707,0.6446441784501076
621,0.031250753,0.09267464652657509
622,0.04575122,0.17974250484257936
623,0.035176534,0.23806197568774223
624,0.009244015,0.04240491008386016
625,0.0067673028,0.023595409002155066
626,0.08352039,0.40910228714346886
627,0.02580853,0.13881445117294788
628,0.14491314,0.6014130264520645
629,0.039160293,0.13991281017661095
630,0.0587188,0.19168110378086567
631,0.020552486,0.14488262590020895
632,0.03240297,0.0683111846446991
633,0.038417056,0.1722426377236843
634,0.038311902,0.21264014020562172
635,0.04412876,0.1623143944889307
636,0.0045753717,0.018045793869532645
637,0.06532345,0.5133811496198177
638,0.06762838,0.3106165863573551
639,0.02256479,0.13890364114195108
640,0.039548412,0.20575998723506927
641,0.060900558,0.23409548215568066
642,0.008696277,0.07271483773365617
643,0.010892032,0.08151696249842644
644,0.09689291,0.3312966488301754
645,0.21883243,0.9946079552173615
646,0.019395093,0.06951181683689356
647,0.053073835,0.22141982056200504
648,0.12752967,0.39825035631656647
649,0.04257278,0.2073987741023302
650,0.039796095,0.15817139111459255
651,0.08043726,0.24193013086915016
652,0.0051970263,0.04512974992394447
653,0.034237586,0.19870720710605383
654,0.065805845,0.47021012753248215
655,0.033929896,0.1181239616125822
656,0.04140319,0.17086444795131683
657,0.03603312,0.20762266404926777
658,0.053671602,0.19547160901129246
659,0.084476955,0.41340766102075577
660,0.024806675,0.22018262930214405
661,0.0281356,0.09566393494606018
662,0.0035633745,0.029690159484744072
663,0.07098975,0.39735645428299904
664,0.0068810317,0.039331710897386074
665,0.03609245,0.15943767875432968
666,0.0018766234,0.01776645937934518
667,0.034806583,0.1515456223860383
668,0.039443415,0.25997806899249554
669,0.03520137,0.2877486068755388
670,0.019624205,0.1435528974980116
671,0.06006206,0.2848535627126694
672,0.04871048,0.33514118380844593
673,0.12271043,0.9048541784286499
674,0.009374246,0.07677824888378382
675,0.027623583,0.21739818342030048
676,0.12225717,0.35505855083465576
677,0.093956076,0.7749495580792427
678,0.020479696,0.06829899782314897
679,0.012069838,0.12487789057195187
680,0.008350445,0.033614855259656906
681,0.027919907,0.17090842314064503
682,0.07079234,0.3780411183834076
683,0.0547306,0.2864210084080696
684,0.034035508,0.22304150834679604
685,0.027610138,0.23158038221299648
686,0.06758621,0.4200083315372467
687,0.04517936,0.3738659303635359
688,0.18431059,1.3827787041664124
689,0.051718228,0.1761025032028556
690,0.021773066,0.08997387997806072
691,0.045667782,0.3061246797442436
692,0.0018348306,0.00799074728274718
693,0.06762722,0.6714126355946064
694,0.035369188,0.1539842216297984
695,0.06450703,0.30452702194452286
696,0.16811052,0.604059211909771
697,0.040343035,0.3382414076477289
698,0.019294217,0.14251496270298958
699,0.08209422,0.660172063857317
